-- phpMyAdmin SQL Dump
-- version 4.2.11
-- http://www.phpmyadmin.net
--
-- Host: 127.0.0.1
-- Generation Time: May 06, 2015 at 04:08 PM
-- Server version: 5.6.21
-- PHP Version: 5.6.3

SET SQL_MODE = "NO_AUTO_VALUE_ON_ZERO";
SET time_zone = "+00:00";


/*!40101 SET @OLD_CHARACTER_SET_CLIENT=@@CHARACTER_SET_CLIENT */;
/*!40101 SET @OLD_CHARACTER_SET_RESULTS=@@CHARACTER_SET_RESULTS */;
/*!40101 SET @OLD_COLLATION_CONNECTION=@@COLLATION_CONNECTION */;
/*!40101 SET NAMES utf8 */;

--
-- Database: `immortiadb`
--

-- --------------------------------------------------------

--
-- Table structure for table `assignment`
--

CREATE TABLE IF NOT EXISTS `assignment` (
`ASSIGN_ID` int(16) unsigned zerofill NOT NULL,
  `DECK_ID` int(10) unsigned zerofill NOT NULL,
  `CARD_ID` int(3) unsigned zerofill NOT NULL,
  `ASSIGN_TIME` datetime NOT NULL DEFAULT CURRENT_TIMESTAMP
) ENGINE=InnoDB AUTO_INCREMENT=5694 DEFAULT CHARSET=latin1;

--
-- Dumping data for table `assignment`
--

INSERT INTO `assignment` (`ASSIGN_ID`, `DECK_ID`, `CARD_ID`, `ASSIGN_TIME`) VALUES
(0000000000000602, 0000000022, 081, '2015-03-23 14:24:57'),
(0000000000000603, 0000000022, 081, '2015-03-23 14:24:57'),
(0000000000000604, 0000000022, 081, '2015-03-23 14:24:57'),
(0000000000000605, 0000000022, 081, '2015-03-23 14:24:57'),
(0000000000000606, 0000000022, 081, '2015-03-23 14:24:57'),
(0000000000000607, 0000000022, 031, '2015-03-23 14:24:57'),
(0000000000000608, 0000000022, 022, '2015-03-23 14:24:57'),
(0000000000000609, 0000000022, 022, '2015-03-23 14:24:57'),
(0000000000000610, 0000000022, 031, '2015-03-23 14:24:57'),
(0000000000000611, 0000000022, 031, '2015-03-23 14:24:57'),
(0000000000000612, 0000000022, 041, '2015-03-23 14:24:57'),
(0000000000000613, 0000000022, 041, '2015-03-23 14:24:57'),
(0000000000000614, 0000000022, 041, '2015-03-23 14:24:57'),
(0000000000000615, 0000000022, 046, '2015-03-23 14:24:57'),
(0000000000000616, 0000000022, 046, '2015-03-23 14:24:57'),
(0000000000000617, 0000000022, 046, '2015-03-23 14:24:57'),
(0000000000000618, 0000000022, 046, '2015-03-23 14:24:57'),
(0000000000000619, 0000000022, 046, '2015-03-23 14:24:57'),
(0000000000000620, 0000000022, 033, '2015-03-23 14:24:57'),
(0000000000000621, 0000000022, 033, '2015-03-23 14:24:57'),
(0000000000000622, 0000000022, 033, '2015-03-23 14:24:57'),
(0000000000000623, 0000000022, 033, '2015-03-23 14:24:57'),
(0000000000000624, 0000000022, 033, '2015-03-23 14:24:57'),
(0000000000000625, 0000000022, 139, '2015-03-23 14:24:57'),
(0000000000000626, 0000000022, 139, '2015-03-23 14:24:57'),
(0000000000000627, 0000000022, 139, '2015-03-23 14:24:57'),
(0000000000000628, 0000000022, 139, '2015-03-23 14:24:57'),
(0000000000000629, 0000000022, 139, '2015-03-23 14:24:57'),
(0000000000000630, 0000000022, 088, '2015-03-23 14:24:57'),
(0000000000000631, 0000000022, 136, '2015-03-23 14:24:57'),
(0000000000000632, 0000000022, 136, '2015-03-23 14:24:57'),
(0000000000000633, 0000000022, 136, '2015-03-23 14:24:57'),
(0000000000000634, 0000000022, 028, '2015-03-23 14:24:57'),
(0000000000000635, 0000000022, 068, '2015-03-23 14:24:57'),
(0000000000000636, 0000000022, 068, '2015-03-23 14:24:57'),
(0000000000000637, 0000000022, 068, '2015-03-23 14:24:57'),
(0000000000000638, 0000000022, 020, '2015-03-23 14:24:57'),
(0000000000000639, 0000000022, 020, '2015-03-23 14:24:57'),
(0000000000000640, 0000000022, 020, '2015-03-23 14:24:57'),
(0000000000000641, 0000000022, 020, '2015-03-23 14:24:57'),
(0000000000000642, 0000000022, 020, '2015-03-23 14:24:57'),
(0000000000000643, 0000000022, 015, '2015-03-23 14:24:57'),
(0000000000000644, 0000000022, 061, '2015-03-23 14:24:57'),
(0000000000000645, 0000000022, 061, '2015-03-23 14:24:57'),
(0000000000000646, 0000000022, 061, '2015-03-23 14:24:57'),
(0000000000000647, 0000000022, 134, '2015-03-23 14:24:57'),
(0000000000000648, 0000000022, 075, '2015-03-23 14:24:57'),
(0000000000000649, 0000000022, 092, '2015-03-23 14:24:57'),
(0000000000000650, 0000000022, 092, '2015-03-23 14:24:57'),
(0000000000000651, 0000000022, 092, '2015-03-23 14:24:57'),
(0000000000000652, 0000000022, 092, '2015-03-23 14:24:57'),
(0000000000000653, 0000000022, 092, '2015-03-23 14:24:57'),
(0000000000000654, 0000000022, 121, '2015-03-23 14:24:57'),
(0000000000000655, 0000000022, 121, '2015-03-23 14:24:57'),
(0000000000000656, 0000000022, 121, '2015-03-23 14:24:57'),
(0000000000000657, 0000000022, 121, '2015-03-23 14:24:57'),
(0000000000000658, 0000000022, 121, '2015-03-23 14:24:57'),
(0000000000000659, 0000000022, 074, '2015-03-23 14:24:57'),
(0000000000000660, 0000000022, 074, '2015-03-23 14:24:57'),
(0000000000000661, 0000000022, 074, '2015-03-23 14:24:57'),
(0000000000000662, 0000000023, 081, '2015-03-23 17:01:39'),
(0000000000000663, 0000000023, 081, '2015-03-23 17:01:39'),
(0000000000000664, 0000000023, 081, '2015-03-23 17:01:39'),
(0000000000000665, 0000000023, 081, '2015-03-23 17:01:39'),
(0000000000000666, 0000000023, 081, '2015-03-23 17:01:39'),
(0000000000000667, 0000000023, 031, '2015-03-23 17:01:39'),
(0000000000000668, 0000000023, 022, '2015-03-23 17:01:39'),
(0000000000000669, 0000000023, 022, '2015-03-23 17:01:39'),
(0000000000000670, 0000000023, 031, '2015-03-23 17:01:39'),
(0000000000000671, 0000000023, 031, '2015-03-23 17:01:39'),
(0000000000000672, 0000000023, 041, '2015-03-23 17:01:39'),
(0000000000000673, 0000000023, 041, '2015-03-23 17:01:39'),
(0000000000000674, 0000000023, 041, '2015-03-23 17:01:39'),
(0000000000000675, 0000000023, 046, '2015-03-23 17:01:39'),
(0000000000000676, 0000000023, 046, '2015-03-23 17:01:39'),
(0000000000000677, 0000000023, 046, '2015-03-23 17:01:39'),
(0000000000000678, 0000000023, 046, '2015-03-23 17:01:39'),
(0000000000000679, 0000000023, 046, '2015-03-23 17:01:39'),
(0000000000000680, 0000000023, 033, '2015-03-23 17:01:39'),
(0000000000000681, 0000000023, 033, '2015-03-23 17:01:39'),
(0000000000000682, 0000000023, 033, '2015-03-23 17:01:39'),
(0000000000000683, 0000000023, 033, '2015-03-23 17:01:39'),
(0000000000000684, 0000000023, 033, '2015-03-23 17:01:39'),
(0000000000000685, 0000000023, 139, '2015-03-23 17:01:39'),
(0000000000000686, 0000000023, 139, '2015-03-23 17:01:39'),
(0000000000000687, 0000000023, 139, '2015-03-23 17:01:39'),
(0000000000000688, 0000000023, 139, '2015-03-23 17:01:39'),
(0000000000000689, 0000000023, 139, '2015-03-23 17:01:39'),
(0000000000000690, 0000000023, 088, '2015-03-23 17:01:39'),
(0000000000000691, 0000000023, 136, '2015-03-23 17:01:39'),
(0000000000000692, 0000000023, 136, '2015-03-23 17:01:39'),
(0000000000000693, 0000000023, 136, '2015-03-23 17:01:39'),
(0000000000000694, 0000000023, 028, '2015-03-23 17:01:39'),
(0000000000000695, 0000000023, 068, '2015-03-23 17:01:39'),
(0000000000000696, 0000000023, 068, '2015-03-23 17:01:39'),
(0000000000000697, 0000000023, 068, '2015-03-23 17:01:39'),
(0000000000000698, 0000000023, 020, '2015-03-23 17:01:39'),
(0000000000000699, 0000000023, 020, '2015-03-23 17:01:39'),
(0000000000000700, 0000000023, 020, '2015-03-23 17:01:39'),
(0000000000000701, 0000000023, 020, '2015-03-23 17:01:39'),
(0000000000000702, 0000000023, 020, '2015-03-23 17:01:39'),
(0000000000000703, 0000000023, 015, '2015-03-23 17:01:39'),
(0000000000000704, 0000000023, 061, '2015-03-23 17:01:39'),
(0000000000000705, 0000000023, 061, '2015-03-23 17:01:39'),
(0000000000000706, 0000000023, 061, '2015-03-23 17:01:39'),
(0000000000000707, 0000000023, 134, '2015-03-23 17:01:39'),
(0000000000000708, 0000000023, 075, '2015-03-23 17:01:39'),
(0000000000000709, 0000000023, 092, '2015-03-23 17:01:39'),
(0000000000000710, 0000000023, 092, '2015-03-23 17:01:39'),
(0000000000000711, 0000000023, 092, '2015-03-23 17:01:39'),
(0000000000000712, 0000000023, 092, '2015-03-23 17:01:39'),
(0000000000000713, 0000000023, 092, '2015-03-23 17:01:39'),
(0000000000000714, 0000000023, 121, '2015-03-23 17:01:39'),
(0000000000000715, 0000000023, 121, '2015-03-23 17:01:39'),
(0000000000000716, 0000000023, 121, '2015-03-23 17:01:39'),
(0000000000000717, 0000000023, 121, '2015-03-23 17:01:39'),
(0000000000000718, 0000000023, 121, '2015-03-23 17:01:39'),
(0000000000000719, 0000000023, 074, '2015-03-23 17:01:39'),
(0000000000000720, 0000000023, 074, '2015-03-23 17:01:39'),
(0000000000000721, 0000000023, 074, '2015-03-23 17:01:39'),
(0000000000000722, 0000000024, 081, '2015-03-23 22:36:04'),
(0000000000000723, 0000000024, 081, '2015-03-23 22:36:04'),
(0000000000000724, 0000000024, 081, '2015-03-23 22:36:04'),
(0000000000000725, 0000000024, 081, '2015-03-23 22:36:04'),
(0000000000000726, 0000000024, 081, '2015-03-23 22:36:04'),
(0000000000000727, 0000000024, 031, '2015-03-23 22:36:04'),
(0000000000000728, 0000000024, 022, '2015-03-23 22:36:04'),
(0000000000000729, 0000000024, 022, '2015-03-23 22:36:04'),
(0000000000000730, 0000000024, 031, '2015-03-23 22:36:04'),
(0000000000000731, 0000000024, 031, '2015-03-23 22:36:04'),
(0000000000000732, 0000000024, 041, '2015-03-23 22:36:04'),
(0000000000000733, 0000000024, 041, '2015-03-23 22:36:04'),
(0000000000000734, 0000000024, 041, '2015-03-23 22:36:04'),
(0000000000000735, 0000000024, 046, '2015-03-23 22:36:04'),
(0000000000000736, 0000000024, 046, '2015-03-23 22:36:04'),
(0000000000000737, 0000000024, 046, '2015-03-23 22:36:04'),
(0000000000000738, 0000000024, 046, '2015-03-23 22:36:04'),
(0000000000000739, 0000000024, 046, '2015-03-23 22:36:04'),
(0000000000000740, 0000000024, 033, '2015-03-23 22:36:04'),
(0000000000000741, 0000000024, 033, '2015-03-23 22:36:04'),
(0000000000000742, 0000000024, 033, '2015-03-23 22:36:04'),
(0000000000000743, 0000000024, 033, '2015-03-23 22:36:04'),
(0000000000000744, 0000000024, 033, '2015-03-23 22:36:04'),
(0000000000000745, 0000000024, 139, '2015-03-23 22:36:04'),
(0000000000000746, 0000000024, 139, '2015-03-23 22:36:04'),
(0000000000000747, 0000000024, 139, '2015-03-23 22:36:04'),
(0000000000000748, 0000000024, 139, '2015-03-23 22:36:04'),
(0000000000000749, 0000000024, 139, '2015-03-23 22:36:04'),
(0000000000000750, 0000000024, 088, '2015-03-23 22:36:04'),
(0000000000000751, 0000000024, 136, '2015-03-23 22:36:04'),
(0000000000000752, 0000000024, 136, '2015-03-23 22:36:04'),
(0000000000000753, 0000000024, 136, '2015-03-23 22:36:04'),
(0000000000000754, 0000000024, 028, '2015-03-23 22:36:04'),
(0000000000000755, 0000000024, 068, '2015-03-23 22:36:04'),
(0000000000000756, 0000000024, 068, '2015-03-23 22:36:04'),
(0000000000000757, 0000000024, 068, '2015-03-23 22:36:04'),
(0000000000000758, 0000000024, 020, '2015-03-23 22:36:04'),
(0000000000000759, 0000000024, 020, '2015-03-23 22:36:04'),
(0000000000000760, 0000000024, 020, '2015-03-23 22:36:04'),
(0000000000000761, 0000000024, 020, '2015-03-23 22:36:04'),
(0000000000000762, 0000000024, 020, '2015-03-23 22:36:04'),
(0000000000000763, 0000000024, 015, '2015-03-23 22:36:04'),
(0000000000000764, 0000000024, 061, '2015-03-23 22:36:04'),
(0000000000000765, 0000000024, 061, '2015-03-23 22:36:04'),
(0000000000000766, 0000000024, 061, '2015-03-23 22:36:04'),
(0000000000000767, 0000000024, 134, '2015-03-23 22:36:04'),
(0000000000000768, 0000000024, 075, '2015-03-23 22:36:04'),
(0000000000000769, 0000000024, 092, '2015-03-23 22:36:04'),
(0000000000000770, 0000000024, 092, '2015-03-23 22:36:04'),
(0000000000000771, 0000000024, 092, '2015-03-23 22:36:04'),
(0000000000000772, 0000000024, 092, '2015-03-23 22:36:04'),
(0000000000000773, 0000000024, 092, '2015-03-23 22:36:04'),
(0000000000000774, 0000000024, 121, '2015-03-23 22:36:04'),
(0000000000000775, 0000000024, 121, '2015-03-23 22:36:04'),
(0000000000000776, 0000000024, 121, '2015-03-23 22:36:04'),
(0000000000000777, 0000000024, 121, '2015-03-23 22:36:04'),
(0000000000000778, 0000000024, 121, '2015-03-23 22:36:04'),
(0000000000000779, 0000000024, 074, '2015-03-23 22:36:04'),
(0000000000000780, 0000000024, 074, '2015-03-23 22:36:04'),
(0000000000000781, 0000000024, 074, '2015-03-23 22:36:04'),
(0000000000000782, 0000000025, 081, '2015-03-24 14:12:35'),
(0000000000000783, 0000000025, 081, '2015-03-24 14:12:35'),
(0000000000000784, 0000000025, 081, '2015-03-24 14:12:35'),
(0000000000000785, 0000000025, 081, '2015-03-24 14:12:35'),
(0000000000000786, 0000000025, 081, '2015-03-24 14:12:35'),
(0000000000000787, 0000000025, 031, '2015-03-24 14:12:35'),
(0000000000000788, 0000000025, 022, '2015-03-24 14:12:35'),
(0000000000000789, 0000000025, 022, '2015-03-24 14:12:35'),
(0000000000000790, 0000000025, 031, '2015-03-24 14:12:35'),
(0000000000000791, 0000000025, 031, '2015-03-24 14:12:35'),
(0000000000000792, 0000000025, 041, '2015-03-24 14:12:35'),
(0000000000000793, 0000000025, 041, '2015-03-24 14:12:35'),
(0000000000000794, 0000000025, 041, '2015-03-24 14:12:35'),
(0000000000000795, 0000000025, 046, '2015-03-24 14:12:35'),
(0000000000000796, 0000000025, 046, '2015-03-24 14:12:35'),
(0000000000000797, 0000000025, 046, '2015-03-24 14:12:35'),
(0000000000000798, 0000000025, 046, '2015-03-24 14:12:35'),
(0000000000000799, 0000000025, 046, '2015-03-24 14:12:35'),
(0000000000000800, 0000000025, 033, '2015-03-24 14:12:35'),
(0000000000000801, 0000000025, 033, '2015-03-24 14:12:35'),
(0000000000000802, 0000000025, 033, '2015-03-24 14:12:35'),
(0000000000000803, 0000000025, 033, '2015-03-24 14:12:35'),
(0000000000000804, 0000000025, 033, '2015-03-24 14:12:35'),
(0000000000000805, 0000000025, 139, '2015-03-24 14:12:35'),
(0000000000000806, 0000000025, 139, '2015-03-24 14:12:35'),
(0000000000000807, 0000000025, 139, '2015-03-24 14:12:35'),
(0000000000000808, 0000000025, 139, '2015-03-24 14:12:35'),
(0000000000000809, 0000000025, 139, '2015-03-24 14:12:35'),
(0000000000000810, 0000000025, 088, '2015-03-24 14:12:35'),
(0000000000000811, 0000000025, 136, '2015-03-24 14:12:35'),
(0000000000000812, 0000000025, 136, '2015-03-24 14:12:35'),
(0000000000000813, 0000000025, 136, '2015-03-24 14:12:35'),
(0000000000000814, 0000000025, 028, '2015-03-24 14:12:35'),
(0000000000000815, 0000000025, 068, '2015-03-24 14:12:35'),
(0000000000000816, 0000000025, 068, '2015-03-24 14:12:35'),
(0000000000000817, 0000000025, 068, '2015-03-24 14:12:35'),
(0000000000000818, 0000000025, 020, '2015-03-24 14:12:35'),
(0000000000000819, 0000000025, 020, '2015-03-24 14:12:35'),
(0000000000000820, 0000000025, 020, '2015-03-24 14:12:35'),
(0000000000000821, 0000000025, 020, '2015-03-24 14:12:35'),
(0000000000000822, 0000000025, 020, '2015-03-24 14:12:35'),
(0000000000000823, 0000000025, 015, '2015-03-24 14:12:35'),
(0000000000000824, 0000000025, 061, '2015-03-24 14:12:35'),
(0000000000000825, 0000000025, 061, '2015-03-24 14:12:35'),
(0000000000000826, 0000000025, 061, '2015-03-24 14:12:35'),
(0000000000000827, 0000000025, 134, '2015-03-24 14:12:35'),
(0000000000000828, 0000000025, 075, '2015-03-24 14:12:35'),
(0000000000000829, 0000000025, 092, '2015-03-24 14:12:35'),
(0000000000000830, 0000000025, 092, '2015-03-24 14:12:35'),
(0000000000000831, 0000000025, 092, '2015-03-24 14:12:35'),
(0000000000000832, 0000000025, 092, '2015-03-24 14:12:35'),
(0000000000000833, 0000000025, 092, '2015-03-24 14:12:35'),
(0000000000000834, 0000000025, 121, '2015-03-24 14:12:35'),
(0000000000000835, 0000000025, 121, '2015-03-24 14:12:35'),
(0000000000000836, 0000000025, 121, '2015-03-24 14:12:35'),
(0000000000000837, 0000000025, 121, '2015-03-24 14:12:35'),
(0000000000000838, 0000000025, 121, '2015-03-24 14:12:35'),
(0000000000000839, 0000000025, 074, '2015-03-24 14:12:35'),
(0000000000000840, 0000000025, 074, '2015-03-24 14:12:35'),
(0000000000000841, 0000000025, 074, '2015-03-24 14:12:35'),
(0000000000000902, 0000000027, 081, '2015-03-27 22:29:39'),
(0000000000000903, 0000000027, 081, '2015-03-27 22:29:39'),
(0000000000000904, 0000000027, 081, '2015-03-27 22:29:39'),
(0000000000000905, 0000000027, 081, '2015-03-27 22:29:39'),
(0000000000000906, 0000000027, 081, '2015-03-27 22:29:39'),
(0000000000000907, 0000000027, 031, '2015-03-27 22:29:39'),
(0000000000000908, 0000000027, 022, '2015-03-27 22:29:39'),
(0000000000000909, 0000000027, 022, '2015-03-27 22:29:39'),
(0000000000000910, 0000000027, 031, '2015-03-27 22:29:39'),
(0000000000000911, 0000000027, 031, '2015-03-27 22:29:39'),
(0000000000000912, 0000000027, 041, '2015-03-27 22:29:39'),
(0000000000000913, 0000000027, 041, '2015-03-27 22:29:39'),
(0000000000000914, 0000000027, 041, '2015-03-27 22:29:39'),
(0000000000000915, 0000000027, 046, '2015-03-27 22:29:39'),
(0000000000000916, 0000000027, 046, '2015-03-27 22:29:39'),
(0000000000000917, 0000000027, 046, '2015-03-27 22:29:39'),
(0000000000000918, 0000000027, 046, '2015-03-27 22:29:39'),
(0000000000000919, 0000000027, 046, '2015-03-27 22:29:39'),
(0000000000000920, 0000000027, 033, '2015-03-27 22:29:39'),
(0000000000000921, 0000000027, 033, '2015-03-27 22:29:39'),
(0000000000000922, 0000000027, 033, '2015-03-27 22:29:39'),
(0000000000000923, 0000000027, 033, '2015-03-27 22:29:39'),
(0000000000000924, 0000000027, 033, '2015-03-27 22:29:39'),
(0000000000000925, 0000000027, 139, '2015-03-27 22:29:39'),
(0000000000000926, 0000000027, 139, '2015-03-27 22:29:39'),
(0000000000000927, 0000000027, 139, '2015-03-27 22:29:39'),
(0000000000000928, 0000000027, 139, '2015-03-27 22:29:39'),
(0000000000000929, 0000000027, 139, '2015-03-27 22:29:39'),
(0000000000000930, 0000000027, 088, '2015-03-27 22:29:39'),
(0000000000000931, 0000000027, 136, '2015-03-27 22:29:39'),
(0000000000000932, 0000000027, 136, '2015-03-27 22:29:39'),
(0000000000000933, 0000000027, 136, '2015-03-27 22:29:39'),
(0000000000000934, 0000000027, 028, '2015-03-27 22:29:39'),
(0000000000000935, 0000000027, 068, '2015-03-27 22:29:39'),
(0000000000000936, 0000000027, 068, '2015-03-27 22:29:39'),
(0000000000000937, 0000000027, 068, '2015-03-27 22:29:39'),
(0000000000000938, 0000000027, 020, '2015-03-27 22:29:39'),
(0000000000000939, 0000000027, 020, '2015-03-27 22:29:39'),
(0000000000000940, 0000000027, 020, '2015-03-27 22:29:39'),
(0000000000000941, 0000000027, 020, '2015-03-27 22:29:39'),
(0000000000000942, 0000000027, 020, '2015-03-27 22:29:39'),
(0000000000000943, 0000000027, 015, '2015-03-27 22:29:39'),
(0000000000000944, 0000000027, 061, '2015-03-27 22:29:39'),
(0000000000000945, 0000000027, 061, '2015-03-27 22:29:39'),
(0000000000000946, 0000000027, 061, '2015-03-27 22:29:39'),
(0000000000000947, 0000000027, 134, '2015-03-27 22:29:39'),
(0000000000000948, 0000000027, 075, '2015-03-27 22:29:39'),
(0000000000000949, 0000000027, 092, '2015-03-27 22:29:39'),
(0000000000000950, 0000000027, 092, '2015-03-27 22:29:39'),
(0000000000000951, 0000000027, 092, '2015-03-27 22:29:39'),
(0000000000000952, 0000000027, 092, '2015-03-27 22:29:39'),
(0000000000000953, 0000000027, 092, '2015-03-27 22:29:39'),
(0000000000000954, 0000000027, 121, '2015-03-27 22:29:39'),
(0000000000000955, 0000000027, 121, '2015-03-27 22:29:39'),
(0000000000000956, 0000000027, 121, '2015-03-27 22:29:39'),
(0000000000000957, 0000000027, 121, '2015-03-27 22:29:39'),
(0000000000000958, 0000000027, 121, '2015-03-27 22:29:39'),
(0000000000000959, 0000000027, 074, '2015-03-27 22:29:39'),
(0000000000000960, 0000000027, 074, '2015-03-27 22:29:39'),
(0000000000000961, 0000000027, 074, '2015-03-27 22:29:39'),
(0000000000000962, 0000000028, 081, '2015-03-28 04:00:58'),
(0000000000000963, 0000000028, 081, '2015-03-28 04:00:58'),
(0000000000000964, 0000000028, 081, '2015-03-28 04:00:58'),
(0000000000000965, 0000000028, 081, '2015-03-28 04:00:58'),
(0000000000000966, 0000000028, 081, '2015-03-28 04:00:58'),
(0000000000000967, 0000000028, 031, '2015-03-28 04:00:58'),
(0000000000000968, 0000000028, 022, '2015-03-28 04:00:58'),
(0000000000000969, 0000000028, 022, '2015-03-28 04:00:58'),
(0000000000000970, 0000000028, 031, '2015-03-28 04:00:58'),
(0000000000000971, 0000000028, 031, '2015-03-28 04:00:58'),
(0000000000000972, 0000000028, 041, '2015-03-28 04:00:58'),
(0000000000000973, 0000000028, 041, '2015-03-28 04:00:58'),
(0000000000000974, 0000000028, 041, '2015-03-28 04:00:58'),
(0000000000000975, 0000000028, 046, '2015-03-28 04:00:58'),
(0000000000000976, 0000000028, 046, '2015-03-28 04:00:58'),
(0000000000000977, 0000000028, 046, '2015-03-28 04:00:58'),
(0000000000000978, 0000000028, 046, '2015-03-28 04:00:58'),
(0000000000000979, 0000000028, 046, '2015-03-28 04:00:58'),
(0000000000000980, 0000000028, 033, '2015-03-28 04:00:58'),
(0000000000000981, 0000000028, 033, '2015-03-28 04:00:58'),
(0000000000000982, 0000000028, 033, '2015-03-28 04:00:58'),
(0000000000000983, 0000000028, 033, '2015-03-28 04:00:58'),
(0000000000000984, 0000000028, 033, '2015-03-28 04:00:58'),
(0000000000000985, 0000000028, 139, '2015-03-28 04:00:58'),
(0000000000000986, 0000000028, 139, '2015-03-28 04:00:58'),
(0000000000000987, 0000000028, 139, '2015-03-28 04:00:58'),
(0000000000000988, 0000000028, 139, '2015-03-28 04:00:58'),
(0000000000000989, 0000000028, 139, '2015-03-28 04:00:58'),
(0000000000000990, 0000000028, 088, '2015-03-28 04:00:58'),
(0000000000000991, 0000000028, 136, '2015-03-28 04:00:58'),
(0000000000000992, 0000000028, 136, '2015-03-28 04:00:58'),
(0000000000000993, 0000000028, 136, '2015-03-28 04:00:58'),
(0000000000000994, 0000000028, 028, '2015-03-28 04:00:58'),
(0000000000000995, 0000000028, 068, '2015-03-28 04:00:58'),
(0000000000000996, 0000000028, 068, '2015-03-28 04:00:58'),
(0000000000000997, 0000000028, 068, '2015-03-28 04:00:58'),
(0000000000000998, 0000000028, 020, '2015-03-28 04:00:58'),
(0000000000000999, 0000000028, 020, '2015-03-28 04:00:58'),
(0000000000001000, 0000000028, 020, '2015-03-28 04:00:58'),
(0000000000001001, 0000000028, 020, '2015-03-28 04:00:58'),
(0000000000001002, 0000000028, 020, '2015-03-28 04:00:58'),
(0000000000001003, 0000000028, 015, '2015-03-28 04:00:58'),
(0000000000001004, 0000000028, 061, '2015-03-28 04:00:58'),
(0000000000001005, 0000000028, 061, '2015-03-28 04:00:58'),
(0000000000001006, 0000000028, 061, '2015-03-28 04:00:58'),
(0000000000001007, 0000000028, 134, '2015-03-28 04:00:58'),
(0000000000001008, 0000000028, 075, '2015-03-28 04:00:58'),
(0000000000001009, 0000000028, 092, '2015-03-28 04:00:58'),
(0000000000001010, 0000000028, 092, '2015-03-28 04:00:58'),
(0000000000001011, 0000000028, 092, '2015-03-28 04:00:58'),
(0000000000001012, 0000000028, 092, '2015-03-28 04:00:58'),
(0000000000001013, 0000000028, 092, '2015-03-28 04:00:58'),
(0000000000001014, 0000000028, 121, '2015-03-28 04:00:58'),
(0000000000001015, 0000000028, 121, '2015-03-28 04:00:58'),
(0000000000001016, 0000000028, 121, '2015-03-28 04:00:58'),
(0000000000001017, 0000000028, 121, '2015-03-28 04:00:58'),
(0000000000001018, 0000000028, 121, '2015-03-28 04:00:58'),
(0000000000001019, 0000000028, 074, '2015-03-28 04:00:58'),
(0000000000001020, 0000000028, 074, '2015-03-28 04:00:58'),
(0000000000001021, 0000000028, 074, '2015-03-28 04:00:58'),
(0000000000001262, 0000000033, 081, '2015-03-28 22:57:19'),
(0000000000001263, 0000000033, 081, '2015-03-28 22:57:19'),
(0000000000001264, 0000000033, 081, '2015-03-28 22:57:19'),
(0000000000001265, 0000000033, 081, '2015-03-28 22:57:19'),
(0000000000001266, 0000000033, 081, '2015-03-28 22:57:19'),
(0000000000001267, 0000000033, 031, '2015-03-28 22:57:19'),
(0000000000001268, 0000000033, 022, '2015-03-28 22:57:19'),
(0000000000001269, 0000000033, 022, '2015-03-28 22:57:19'),
(0000000000001270, 0000000033, 031, '2015-03-28 22:57:19'),
(0000000000001271, 0000000033, 031, '2015-03-28 22:57:19'),
(0000000000001272, 0000000033, 041, '2015-03-28 22:57:19'),
(0000000000001273, 0000000033, 041, '2015-03-28 22:57:19'),
(0000000000001274, 0000000033, 041, '2015-03-28 22:57:19'),
(0000000000001275, 0000000033, 046, '2015-03-28 22:57:19'),
(0000000000001276, 0000000033, 046, '2015-03-28 22:57:19'),
(0000000000001277, 0000000033, 046, '2015-03-28 22:57:19'),
(0000000000001278, 0000000033, 046, '2015-03-28 22:57:19'),
(0000000000001279, 0000000033, 046, '2015-03-28 22:57:19'),
(0000000000001280, 0000000033, 033, '2015-03-28 22:57:19'),
(0000000000001281, 0000000033, 033, '2015-03-28 22:57:19'),
(0000000000001282, 0000000033, 033, '2015-03-28 22:57:19'),
(0000000000001283, 0000000033, 033, '2015-03-28 22:57:19'),
(0000000000001284, 0000000033, 033, '2015-03-28 22:57:19'),
(0000000000001285, 0000000033, 139, '2015-03-28 22:57:19'),
(0000000000001286, 0000000033, 139, '2015-03-28 22:57:19'),
(0000000000001287, 0000000033, 139, '2015-03-28 22:57:19'),
(0000000000001288, 0000000033, 139, '2015-03-28 22:57:19'),
(0000000000001289, 0000000033, 139, '2015-03-28 22:57:19'),
(0000000000001290, 0000000033, 088, '2015-03-28 22:57:19'),
(0000000000001291, 0000000033, 136, '2015-03-28 22:57:19'),
(0000000000001292, 0000000033, 136, '2015-03-28 22:57:19'),
(0000000000001293, 0000000033, 136, '2015-03-28 22:57:19'),
(0000000000001294, 0000000033, 028, '2015-03-28 22:57:19'),
(0000000000001295, 0000000033, 068, '2015-03-28 22:57:19'),
(0000000000001296, 0000000033, 068, '2015-03-28 22:57:19'),
(0000000000001297, 0000000033, 068, '2015-03-28 22:57:19'),
(0000000000001298, 0000000033, 020, '2015-03-28 22:57:19'),
(0000000000001299, 0000000033, 020, '2015-03-28 22:57:19'),
(0000000000001300, 0000000033, 020, '2015-03-28 22:57:19'),
(0000000000001301, 0000000033, 020, '2015-03-28 22:57:19'),
(0000000000001302, 0000000033, 020, '2015-03-28 22:57:19'),
(0000000000001303, 0000000033, 015, '2015-03-28 22:57:19'),
(0000000000001304, 0000000033, 061, '2015-03-28 22:57:19'),
(0000000000001305, 0000000033, 061, '2015-03-28 22:57:19'),
(0000000000001306, 0000000033, 061, '2015-03-28 22:57:19'),
(0000000000001307, 0000000033, 134, '2015-03-28 22:57:19'),
(0000000000001308, 0000000033, 075, '2015-03-28 22:57:19'),
(0000000000001309, 0000000033, 092, '2015-03-28 22:57:19'),
(0000000000001310, 0000000033, 092, '2015-03-28 22:57:19'),
(0000000000001311, 0000000033, 092, '2015-03-28 22:57:19'),
(0000000000001312, 0000000033, 092, '2015-03-28 22:57:19'),
(0000000000001313, 0000000033, 092, '2015-03-28 22:57:19'),
(0000000000001314, 0000000033, 121, '2015-03-28 22:57:19'),
(0000000000001315, 0000000033, 121, '2015-03-28 22:57:19'),
(0000000000001316, 0000000033, 121, '2015-03-28 22:57:19'),
(0000000000001317, 0000000033, 121, '2015-03-28 22:57:19'),
(0000000000001318, 0000000033, 121, '2015-03-28 22:57:19'),
(0000000000001319, 0000000033, 074, '2015-03-28 22:57:19'),
(0000000000001320, 0000000033, 074, '2015-03-28 22:57:19'),
(0000000000001321, 0000000033, 074, '2015-03-28 22:57:19'),
(0000000000003416, 0000000073, 015, '2015-04-09 09:27:38'),
(0000000000003417, 0000000073, 088, '2015-04-09 09:27:38'),
(0000000000003418, 0000000073, 041, '2015-04-09 09:27:38'),
(0000000000003419, 0000000073, 020, '2015-04-09 09:27:38'),
(0000000000003420, 0000000073, 041, '2015-04-09 09:27:38'),
(0000000000003421, 0000000073, 020, '2015-04-09 09:27:38'),
(0000000000003422, 0000000073, 061, '2015-04-09 09:27:38'),
(0000000000003423, 0000000073, 046, '2015-04-09 09:27:38'),
(0000000000003424, 0000000073, 092, '2015-04-09 09:27:38'),
(0000000000003425, 0000000073, 092, '2015-04-09 09:27:38'),
(0000000000003426, 0000000073, 074, '2015-04-09 09:27:38'),
(0000000000003427, 0000000073, 046, '2015-04-09 09:27:38'),
(0000000000003428, 0000000073, 046, '2015-04-09 09:27:38'),
(0000000000003429, 0000000073, 046, '2015-04-09 09:27:38'),
(0000000000003430, 0000000073, 081, '2015-04-09 09:27:38'),
(0000000000003431, 0000000073, 074, '2015-04-09 09:27:38'),
(0000000000003432, 0000000073, 081, '2015-04-09 09:27:38'),
(0000000000003433, 0000000073, 028, '2015-04-09 09:27:38'),
(0000000000003434, 0000000073, 033, '2015-04-09 09:27:38'),
(0000000000003435, 0000000073, 121, '2015-04-09 09:27:38'),
(0000000000003436, 0000000073, 092, '2015-04-09 09:27:38'),
(0000000000003437, 0000000073, 031, '2015-04-09 09:27:38'),
(0000000000003438, 0000000073, 022, '2015-04-09 09:27:38'),
(0000000000003439, 0000000073, 136, '2015-04-09 09:27:38'),
(0000000000003440, 0000000073, 046, '2015-04-09 09:27:38'),
(0000000000003441, 0000000073, 031, '2015-04-09 09:27:38'),
(0000000000003442, 0000000073, 068, '2015-04-09 09:27:38'),
(0000000000003443, 0000000073, 092, '2015-04-09 09:27:38'),
(0000000000003444, 0000000073, 068, '2015-04-09 09:27:38'),
(0000000000003445, 0000000073, 136, '2015-04-09 09:27:38'),
(0000000000003446, 0000000073, 081, '2015-04-09 09:27:38'),
(0000000000003447, 0000000073, 033, '2015-04-09 09:27:38'),
(0000000000003448, 0000000073, 121, '2015-04-09 09:27:38'),
(0000000000003449, 0000000073, 061, '2015-04-09 09:27:38'),
(0000000000003450, 0000000073, 041, '2015-04-09 09:27:38'),
(0000000000003451, 0000000073, 134, '2015-04-09 09:27:38'),
(0000000000003452, 0000000073, 075, '2015-04-09 09:27:38'),
(0000000000003453, 0000000073, 081, '2015-04-09 09:27:38'),
(0000000000003454, 0000000073, 121, '2015-04-09 09:27:38'),
(0000000000003455, 0000000073, 033, '2015-04-09 09:27:38'),
(0000000000003456, 0000000073, 121, '2015-04-09 09:27:38'),
(0000000000003457, 0000000073, 136, '2015-04-09 09:27:38'),
(0000000000003458, 0000000073, 061, '2015-04-09 09:27:38'),
(0000000000003459, 0000000073, 025, '2015-04-09 09:27:38'),
(0000000000003460, 0000000073, 033, '2015-04-09 09:27:38'),
(0000000000003461, 0000000073, 022, '2015-04-09 09:27:38'),
(0000000000003462, 0000000073, 020, '2015-04-09 09:27:38'),
(0000000000003463, 0000000073, 020, '2015-04-09 09:27:38'),
(0000000000003464, 0000000073, 033, '2015-04-09 09:27:38'),
(0000000000003465, 0000000073, 092, '2015-04-09 09:27:38'),
(0000000000003466, 0000000073, 031, '2015-04-09 09:27:38'),
(0000000000003467, 0000000073, 068, '2015-04-09 09:27:38'),
(0000000000003468, 0000000073, 081, '2015-04-09 09:27:38'),
(0000000000003469, 0000000073, 074, '2015-04-09 09:27:38'),
(0000000000003470, 0000000073, 020, '2015-04-09 09:27:38'),
(0000000000003471, 0000000073, 121, '2015-04-09 09:27:38'),
(0000000000003669, 0000000093, 081, '2015-04-09 23:07:09'),
(0000000000003670, 0000000093, 081, '2015-04-09 23:07:09'),
(0000000000003671, 0000000093, 081, '2015-04-09 23:07:09'),
(0000000000003672, 0000000093, 081, '2015-04-09 23:07:09'),
(0000000000003673, 0000000093, 081, '2015-04-09 23:07:09'),
(0000000000003674, 0000000093, 031, '2015-04-09 23:07:09'),
(0000000000003675, 0000000093, 022, '2015-04-09 23:07:09'),
(0000000000003676, 0000000093, 022, '2015-04-09 23:07:09'),
(0000000000003677, 0000000093, 031, '2015-04-09 23:07:09'),
(0000000000003678, 0000000093, 031, '2015-04-09 23:07:09'),
(0000000000003679, 0000000093, 041, '2015-04-09 23:07:09'),
(0000000000003680, 0000000093, 041, '2015-04-09 23:07:09'),
(0000000000003681, 0000000093, 041, '2015-04-09 23:07:09'),
(0000000000003682, 0000000093, 046, '2015-04-09 23:07:09'),
(0000000000003683, 0000000093, 046, '2015-04-09 23:07:09'),
(0000000000003684, 0000000093, 046, '2015-04-09 23:07:09'),
(0000000000003685, 0000000093, 046, '2015-04-09 23:07:09'),
(0000000000003686, 0000000093, 046, '2015-04-09 23:07:09'),
(0000000000003687, 0000000093, 033, '2015-04-09 23:07:09'),
(0000000000003688, 0000000093, 033, '2015-04-09 23:07:09'),
(0000000000003689, 0000000093, 033, '2015-04-09 23:07:09'),
(0000000000003690, 0000000093, 033, '2015-04-09 23:07:09'),
(0000000000003691, 0000000093, 033, '2015-04-09 23:07:09'),
(0000000000003692, 0000000093, 139, '2015-04-09 23:07:09'),
(0000000000003693, 0000000093, 139, '2015-04-09 23:07:09'),
(0000000000003694, 0000000093, 139, '2015-04-09 23:07:09'),
(0000000000003695, 0000000093, 139, '2015-04-09 23:07:09'),
(0000000000003696, 0000000093, 139, '2015-04-09 23:07:09'),
(0000000000003697, 0000000093, 088, '2015-04-09 23:07:09'),
(0000000000003698, 0000000093, 136, '2015-04-09 23:07:09'),
(0000000000003699, 0000000093, 136, '2015-04-09 23:07:09'),
(0000000000003700, 0000000093, 136, '2015-04-09 23:07:09'),
(0000000000003701, 0000000093, 028, '2015-04-09 23:07:09'),
(0000000000003702, 0000000093, 068, '2015-04-09 23:07:09'),
(0000000000003703, 0000000093, 068, '2015-04-09 23:07:09'),
(0000000000003704, 0000000093, 068, '2015-04-09 23:07:09'),
(0000000000003705, 0000000093, 020, '2015-04-09 23:07:09'),
(0000000000003706, 0000000093, 020, '2015-04-09 23:07:09'),
(0000000000003707, 0000000093, 020, '2015-04-09 23:07:09'),
(0000000000003708, 0000000093, 020, '2015-04-09 23:07:09'),
(0000000000003709, 0000000093, 020, '2015-04-09 23:07:09'),
(0000000000003710, 0000000093, 015, '2015-04-09 23:07:09'),
(0000000000003711, 0000000093, 061, '2015-04-09 23:07:09'),
(0000000000003712, 0000000093, 061, '2015-04-09 23:07:09'),
(0000000000003713, 0000000093, 061, '2015-04-09 23:07:09'),
(0000000000003714, 0000000093, 134, '2015-04-09 23:07:09'),
(0000000000003715, 0000000093, 075, '2015-04-09 23:07:09'),
(0000000000003716, 0000000093, 092, '2015-04-09 23:07:09'),
(0000000000003717, 0000000093, 092, '2015-04-09 23:07:09'),
(0000000000003718, 0000000093, 092, '2015-04-09 23:07:09'),
(0000000000003719, 0000000093, 092, '2015-04-09 23:07:09'),
(0000000000003720, 0000000093, 092, '2015-04-09 23:07:09'),
(0000000000003721, 0000000093, 121, '2015-04-09 23:07:09'),
(0000000000003722, 0000000093, 121, '2015-04-09 23:07:09'),
(0000000000003723, 0000000093, 121, '2015-04-09 23:07:09'),
(0000000000003724, 0000000093, 121, '2015-04-09 23:07:09'),
(0000000000003725, 0000000093, 121, '2015-04-09 23:07:09'),
(0000000000003726, 0000000093, 074, '2015-04-09 23:07:09'),
(0000000000003727, 0000000093, 074, '2015-04-09 23:07:09'),
(0000000000003728, 0000000093, 074, '2015-04-09 23:07:09'),
(0000000000004204, 0000000128, 081, '2015-04-14 22:56:05'),
(0000000000004205, 0000000128, 081, '2015-04-14 22:56:05'),
(0000000000004206, 0000000128, 081, '2015-04-14 22:56:05'),
(0000000000004207, 0000000128, 081, '2015-04-14 22:56:05'),
(0000000000004208, 0000000128, 081, '2015-04-14 22:56:05'),
(0000000000004209, 0000000128, 031, '2015-04-14 22:56:05'),
(0000000000004210, 0000000128, 022, '2015-04-14 22:56:05'),
(0000000000004211, 0000000128, 022, '2015-04-14 22:56:05'),
(0000000000004212, 0000000128, 031, '2015-04-14 22:56:05'),
(0000000000004213, 0000000128, 031, '2015-04-14 22:56:05'),
(0000000000004214, 0000000128, 041, '2015-04-14 22:56:05'),
(0000000000004215, 0000000128, 041, '2015-04-14 22:56:05'),
(0000000000004216, 0000000128, 041, '2015-04-14 22:56:05'),
(0000000000004217, 0000000128, 046, '2015-04-14 22:56:05'),
(0000000000004218, 0000000128, 046, '2015-04-14 22:56:05'),
(0000000000004219, 0000000128, 046, '2015-04-14 22:56:05'),
(0000000000004220, 0000000128, 046, '2015-04-14 22:56:05'),
(0000000000004221, 0000000128, 046, '2015-04-14 22:56:05'),
(0000000000004222, 0000000128, 033, '2015-04-14 22:56:05'),
(0000000000004223, 0000000128, 033, '2015-04-14 22:56:05'),
(0000000000004224, 0000000128, 033, '2015-04-14 22:56:05'),
(0000000000004225, 0000000128, 033, '2015-04-14 22:56:05'),
(0000000000004226, 0000000128, 033, '2015-04-14 22:56:05'),
(0000000000004227, 0000000128, 139, '2015-04-14 22:56:05'),
(0000000000004228, 0000000128, 139, '2015-04-14 22:56:05'),
(0000000000004229, 0000000128, 139, '2015-04-14 22:56:05'),
(0000000000004230, 0000000128, 139, '2015-04-14 22:56:05'),
(0000000000004231, 0000000128, 139, '2015-04-14 22:56:05'),
(0000000000004232, 0000000128, 088, '2015-04-14 22:56:05'),
(0000000000004233, 0000000128, 136, '2015-04-14 22:56:05'),
(0000000000004234, 0000000128, 136, '2015-04-14 22:56:05'),
(0000000000004235, 0000000128, 136, '2015-04-14 22:56:05'),
(0000000000004236, 0000000128, 028, '2015-04-14 22:56:05'),
(0000000000004237, 0000000128, 068, '2015-04-14 22:56:05'),
(0000000000004238, 0000000128, 068, '2015-04-14 22:56:05'),
(0000000000004239, 0000000128, 068, '2015-04-14 22:56:05'),
(0000000000004240, 0000000128, 020, '2015-04-14 22:56:05'),
(0000000000004241, 0000000128, 020, '2015-04-14 22:56:05'),
(0000000000004242, 0000000128, 020, '2015-04-14 22:56:05'),
(0000000000004243, 0000000128, 020, '2015-04-14 22:56:05'),
(0000000000004244, 0000000128, 020, '2015-04-14 22:56:05'),
(0000000000004245, 0000000128, 015, '2015-04-14 22:56:05'),
(0000000000004246, 0000000128, 061, '2015-04-14 22:56:05'),
(0000000000004247, 0000000128, 061, '2015-04-14 22:56:05'),
(0000000000004248, 0000000128, 061, '2015-04-14 22:56:05'),
(0000000000004249, 0000000128, 134, '2015-04-14 22:56:05'),
(0000000000004250, 0000000128, 075, '2015-04-14 22:56:05'),
(0000000000004251, 0000000128, 092, '2015-04-14 22:56:05'),
(0000000000004252, 0000000128, 092, '2015-04-14 22:56:05'),
(0000000000004253, 0000000128, 092, '2015-04-14 22:56:05'),
(0000000000004254, 0000000128, 092, '2015-04-14 22:56:05'),
(0000000000004255, 0000000128, 092, '2015-04-14 22:56:05'),
(0000000000004256, 0000000128, 121, '2015-04-14 22:56:05'),
(0000000000004257, 0000000128, 121, '2015-04-14 22:56:05'),
(0000000000004258, 0000000128, 121, '2015-04-14 22:56:05'),
(0000000000004259, 0000000128, 121, '2015-04-14 22:56:05'),
(0000000000004260, 0000000128, 121, '2015-04-14 22:56:05'),
(0000000000004261, 0000000128, 074, '2015-04-14 22:56:05'),
(0000000000004262, 0000000128, 074, '2015-04-14 22:56:05'),
(0000000000004263, 0000000128, 074, '2015-04-14 22:56:05'),
(0000000000004353, 0000000133, 041, '2015-04-15 20:57:10'),
(0000000000004354, 0000000133, 139, '2015-04-15 20:57:10'),
(0000000000004355, 0000000133, 088, '2015-04-15 20:57:10'),
(0000000000004356, 0000000133, 015, '2015-04-15 20:57:10'),
(0000000000004357, 0000000133, 074, '2015-04-15 20:57:10'),
(0000000000004358, 0000000133, 041, '2015-04-15 20:57:10'),
(0000000000004359, 0000000133, 061, '2015-04-15 20:57:10'),
(0000000000004360, 0000000133, 068, '2015-04-15 20:57:10'),
(0000000000004361, 0000000133, 020, '2015-04-15 20:57:10'),
(0000000000004362, 0000000133, 081, '2015-04-15 20:57:10'),
(0000000000004363, 0000000133, 068, '2015-04-15 20:57:10'),
(0000000000004364, 0000000133, 020, '2015-04-15 20:57:10'),
(0000000000004365, 0000000133, 074, '2015-04-15 20:57:10'),
(0000000000004366, 0000000133, 139, '2015-04-15 20:57:10'),
(0000000000004367, 0000000133, 134, '2015-04-15 20:57:10'),
(0000000000004368, 0000000133, 031, '2015-04-15 20:57:10'),
(0000000000004369, 0000000133, 031, '2015-04-15 20:57:10'),
(0000000000004370, 0000000133, 139, '2015-04-15 20:57:10'),
(0000000000004371, 0000000133, 020, '2015-04-15 20:57:10'),
(0000000000004372, 0000000133, 020, '2015-04-15 20:57:10'),
(0000000000004373, 0000000133, 081, '2015-04-15 20:57:10'),
(0000000000004374, 0000000133, 068, '2015-04-15 20:57:10'),
(0000000000004375, 0000000133, 061, '2015-04-15 20:57:10'),
(0000000000004376, 0000000133, 081, '2015-04-15 20:57:10'),
(0000000000004377, 0000000133, 075, '2015-04-15 20:57:10'),
(0000000000004378, 0000000133, 046, '2015-04-15 20:57:10'),
(0000000000004379, 0000000133, 046, '2015-04-15 20:57:10'),
(0000000000004380, 0000000133, 031, '2015-04-15 20:57:10'),
(0000000000004381, 0000000133, 020, '2015-04-15 20:57:10'),
(0000000000004382, 0000000133, 033, '2015-04-15 20:57:10'),
(0000000000004383, 0000000133, 092, '2015-04-15 20:57:10'),
(0000000000004384, 0000000133, 041, '2015-04-15 20:57:10'),
(0000000000004385, 0000000133, 061, '2015-04-15 20:57:10'),
(0000000000004386, 0000000133, 088, '2015-04-15 20:57:10'),
(0000000000004387, 0000000133, 121, '2015-04-15 20:57:10'),
(0000000000004388, 0000000133, 136, '2015-04-15 20:57:10'),
(0000000000004389, 0000000133, 081, '2015-04-15 20:57:10'),
(0000000000004390, 0000000133, 121, '2015-04-15 20:57:10'),
(0000000000004391, 0000000133, 033, '2015-04-15 20:57:10'),
(0000000000004392, 0000000133, 121, '2015-04-15 20:57:10'),
(0000000000004393, 0000000133, 022, '2015-04-15 20:57:10'),
(0000000000004394, 0000000133, 092, '2015-04-15 20:57:10'),
(0000000000004395, 0000000133, 033, '2015-04-15 20:57:10'),
(0000000000004396, 0000000133, 033, '2015-04-15 20:57:10'),
(0000000000004397, 0000000133, 046, '2015-04-15 20:57:10'),
(0000000000004398, 0000000133, 136, '2015-04-15 20:57:10'),
(0000000000004399, 0000000133, 033, '2015-04-15 20:57:10'),
(0000000000004400, 0000000133, 121, '2015-04-15 20:57:10'),
(0000000000004401, 0000000133, 092, '2015-04-15 20:57:10'),
(0000000000004402, 0000000133, 028, '2015-04-15 20:57:10'),
(0000000000004403, 0000000133, 081, '2015-04-15 20:57:10'),
(0000000000004404, 0000000133, 121, '2015-04-15 20:57:10'),
(0000000000004405, 0000000133, 092, '2015-04-15 20:57:10'),
(0000000000004406, 0000000133, 046, '2015-04-15 20:57:10'),
(0000000000004407, 0000000133, 136, '2015-04-15 20:57:10'),
(0000000000004408, 0000000133, 022, '2015-04-15 20:57:10'),
(0000000000004409, 0000000133, 046, '2015-04-15 20:57:10'),
(0000000000004410, 0000000133, 074, '2015-04-15 20:57:10'),
(0000000000004411, 0000000133, 092, '2015-04-15 20:57:10'),
(0000000000004852, 0000000144, 139, '2015-04-16 15:42:59'),
(0000000000004853, 0000000144, 020, '2015-04-16 15:42:59'),
(0000000000004854, 0000000144, 020, '2015-04-16 15:42:59'),
(0000000000004855, 0000000144, 088, '2015-04-16 15:42:59'),
(0000000000004856, 0000000144, 134, '2015-04-16 15:42:59'),
(0000000000004857, 0000000144, 041, '2015-04-16 15:42:59'),
(0000000000004858, 0000000144, 031, '2015-04-16 15:42:59'),
(0000000000004859, 0000000144, 015, '2015-04-16 15:42:59'),
(0000000000004860, 0000000144, 081, '2015-04-16 15:42:59'),
(0000000000004861, 0000000144, 074, '2015-04-16 15:42:59'),
(0000000000004862, 0000000144, 046, '2015-04-16 15:42:59'),
(0000000000004863, 0000000144, 074, '2015-04-16 15:42:59'),
(0000000000004864, 0000000144, 061, '2015-04-16 15:42:59'),
(0000000000004865, 0000000144, 139, '2015-04-16 15:42:59'),
(0000000000004866, 0000000144, 022, '2015-04-16 15:43:00'),
(0000000000004867, 0000000144, 081, '2015-04-16 15:43:00'),
(0000000000004868, 0000000144, 046, '2015-04-16 15:43:00'),
(0000000000004869, 0000000144, 068, '2015-04-16 15:43:00'),
(0000000000004870, 0000000144, 092, '2015-04-16 15:43:00'),
(0000000000004871, 0000000144, 092, '2015-04-16 15:43:00'),
(0000000000004872, 0000000144, 046, '2015-04-16 15:43:00'),
(0000000000004873, 0000000144, 081, '2015-04-16 15:43:00'),
(0000000000004874, 0000000144, 139, '2015-04-16 15:43:00'),
(0000000000004875, 0000000144, 075, '2015-04-16 15:43:00'),
(0000000000004876, 0000000144, 139, '2015-04-16 15:43:00'),
(0000000000004877, 0000000144, 033, '2015-04-16 15:43:00'),
(0000000000004878, 0000000144, 121, '2015-04-16 15:43:00'),
(0000000000004879, 0000000144, 033, '2015-04-16 15:43:00'),
(0000000000004880, 0000000144, 033, '2015-04-16 15:43:00'),
(0000000000004881, 0000000144, 020, '2015-04-16 15:43:00'),
(0000000000004882, 0000000144, 121, '2015-04-16 15:43:00'),
(0000000000004883, 0000000144, 136, '2015-04-16 15:43:00'),
(0000000000004884, 0000000144, 136, '2015-04-16 15:43:00'),
(0000000000004885, 0000000144, 041, '2015-04-16 15:43:00'),
(0000000000004886, 0000000144, 041, '2015-04-16 15:43:00'),
(0000000000004887, 0000000144, 020, '2015-04-16 15:43:00'),
(0000000000004888, 0000000144, 031, '2015-04-16 15:43:00'),
(0000000000004889, 0000000144, 068, '2015-04-16 15:43:00'),
(0000000000004890, 0000000144, 081, '2015-04-16 15:43:00'),
(0000000000004891, 0000000144, 046, '2015-04-16 15:43:00'),
(0000000000004892, 0000000144, 031, '2015-04-16 15:43:00'),
(0000000000004893, 0000000144, 061, '2015-04-16 15:43:00'),
(0000000000004894, 0000000144, 092, '2015-04-16 15:43:00'),
(0000000000004895, 0000000144, 046, '2015-04-16 15:43:00'),
(0000000000004896, 0000000144, 068, '2015-04-16 15:43:00'),
(0000000000004897, 0000000144, 061, '2015-04-16 15:43:00'),
(0000000000004898, 0000000144, 136, '2015-04-16 15:43:00'),
(0000000000004899, 0000000144, 121, '2015-04-16 15:43:00'),
(0000000000004900, 0000000144, 022, '2015-04-16 15:43:00'),
(0000000000004901, 0000000144, 081, '2015-04-16 15:43:00'),
(0000000000004902, 0000000144, 092, '2015-04-16 15:43:00'),
(0000000000004903, 0000000144, 033, '2015-04-16 15:43:00'),
(0000000000004904, 0000000144, 028, '2015-04-16 15:43:00'),
(0000000000004905, 0000000144, 033, '2015-04-16 15:43:00'),
(0000000000004906, 0000000144, 121, '2015-04-16 15:43:00'),
(0000000000004907, 0000000144, 121, '2015-04-16 15:43:00'),
(0000000000004908, 0000000144, 092, '2015-04-16 15:43:00'),
(0000000000004909, 0000000144, 139, '2015-04-16 15:43:02'),
(0000000000004910, 0000000144, 074, '2015-04-16 15:43:03'),
(0000000000004955, 0000000146, 081, '2015-04-20 14:26:21'),
(0000000000004956, 0000000146, 081, '2015-04-20 14:26:21'),
(0000000000004957, 0000000146, 081, '2015-04-20 14:26:21'),
(0000000000004958, 0000000146, 081, '2015-04-20 14:26:21'),
(0000000000004959, 0000000146, 081, '2015-04-20 14:26:21'),
(0000000000004960, 0000000146, 031, '2015-04-20 14:26:21'),
(0000000000004961, 0000000146, 022, '2015-04-20 14:26:21'),
(0000000000004962, 0000000146, 022, '2015-04-20 14:26:21'),
(0000000000004963, 0000000146, 031, '2015-04-20 14:26:21'),
(0000000000004964, 0000000146, 031, '2015-04-20 14:26:21'),
(0000000000004965, 0000000146, 041, '2015-04-20 14:26:21'),
(0000000000004966, 0000000146, 041, '2015-04-20 14:26:21'),
(0000000000004967, 0000000146, 041, '2015-04-20 14:26:21'),
(0000000000004968, 0000000146, 046, '2015-04-20 14:26:21'),
(0000000000004969, 0000000146, 046, '2015-04-20 14:26:21'),
(0000000000004970, 0000000146, 046, '2015-04-20 14:26:21'),
(0000000000004971, 0000000146, 046, '2015-04-20 14:26:21'),
(0000000000004972, 0000000146, 046, '2015-04-20 14:26:21'),
(0000000000004973, 0000000146, 033, '2015-04-20 14:26:21'),
(0000000000004974, 0000000146, 033, '2015-04-20 14:26:21'),
(0000000000004975, 0000000146, 033, '2015-04-20 14:26:21'),
(0000000000004976, 0000000146, 033, '2015-04-20 14:26:21'),
(0000000000004977, 0000000146, 033, '2015-04-20 14:26:21'),
(0000000000004978, 0000000146, 139, '2015-04-20 14:26:21'),
(0000000000004979, 0000000146, 139, '2015-04-20 14:26:21'),
(0000000000004980, 0000000146, 139, '2015-04-20 14:26:21'),
(0000000000004981, 0000000146, 139, '2015-04-20 14:26:21'),
(0000000000004982, 0000000146, 139, '2015-04-20 14:26:21'),
(0000000000004983, 0000000146, 088, '2015-04-20 14:26:21'),
(0000000000004984, 0000000146, 136, '2015-04-20 14:26:21'),
(0000000000004985, 0000000146, 136, '2015-04-20 14:26:21'),
(0000000000004986, 0000000146, 136, '2015-04-20 14:26:21'),
(0000000000004987, 0000000146, 028, '2015-04-20 14:26:21'),
(0000000000004988, 0000000146, 068, '2015-04-20 14:26:21'),
(0000000000004989, 0000000146, 068, '2015-04-20 14:26:21'),
(0000000000004990, 0000000146, 068, '2015-04-20 14:26:21'),
(0000000000004991, 0000000146, 020, '2015-04-20 14:26:21'),
(0000000000004992, 0000000146, 020, '2015-04-20 14:26:21'),
(0000000000004993, 0000000146, 020, '2015-04-20 14:26:21'),
(0000000000004994, 0000000146, 020, '2015-04-20 14:26:21'),
(0000000000004995, 0000000146, 020, '2015-04-20 14:26:21'),
(0000000000004996, 0000000146, 015, '2015-04-20 14:26:21'),
(0000000000004997, 0000000146, 061, '2015-04-20 14:26:21'),
(0000000000004998, 0000000146, 061, '2015-04-20 14:26:21'),
(0000000000004999, 0000000146, 061, '2015-04-20 14:26:21'),
(0000000000005000, 0000000146, 134, '2015-04-20 14:26:21'),
(0000000000005001, 0000000146, 075, '2015-04-20 14:26:21'),
(0000000000005002, 0000000146, 092, '2015-04-20 14:26:21'),
(0000000000005003, 0000000146, 092, '2015-04-20 14:26:21'),
(0000000000005004, 0000000146, 092, '2015-04-20 14:26:21'),
(0000000000005005, 0000000146, 092, '2015-04-20 14:26:21'),
(0000000000005006, 0000000146, 092, '2015-04-20 14:26:21'),
(0000000000005007, 0000000146, 121, '2015-04-20 14:26:21'),
(0000000000005008, 0000000146, 121, '2015-04-20 14:26:21'),
(0000000000005009, 0000000146, 121, '2015-04-20 14:26:21'),
(0000000000005010, 0000000146, 121, '2015-04-20 14:26:21'),
(0000000000005011, 0000000146, 121, '2015-04-20 14:26:21'),
(0000000000005012, 0000000146, 074, '2015-04-20 14:26:21'),
(0000000000005013, 0000000146, 074, '2015-04-20 14:26:21'),
(0000000000005014, 0000000146, 074, '2015-04-20 14:26:21'),
(0000000000005063, 0000000148, 139, '2015-04-21 01:41:29'),
(0000000000005064, 0000000148, 139, '2015-04-21 01:41:29'),
(0000000000005065, 0000000148, 088, '2015-04-21 01:41:29'),
(0000000000005066, 0000000148, 088, '2015-04-21 01:41:29'),
(0000000000005067, 0000000148, 074, '2015-04-21 01:41:29'),
(0000000000005068, 0000000148, 020, '2015-04-21 01:41:29'),
(0000000000005069, 0000000148, 074, '2015-04-21 01:41:29'),
(0000000000005070, 0000000148, 020, '2015-04-21 01:41:29'),
(0000000000005071, 0000000148, 032, '2015-04-21 01:41:29'),
(0000000000005072, 0000000148, 061, '2015-04-21 01:41:29'),
(0000000000005073, 0000000148, 032, '2015-04-21 01:41:29'),
(0000000000005074, 0000000148, 116, '2015-04-21 01:41:29'),
(0000000000005075, 0000000148, 134, '2015-04-21 01:41:29'),
(0000000000005076, 0000000148, 116, '2015-04-21 01:41:29'),
(0000000000005077, 0000000148, 061, '2015-04-21 01:41:29'),
(0000000000005078, 0000000148, 015, '2015-04-21 01:41:29'),
(0000000000005079, 0000000148, 015, '2015-04-21 01:41:29'),
(0000000000005080, 0000000148, 119, '2015-04-21 01:41:29'),
(0000000000005081, 0000000148, 081, '2015-04-21 01:41:29'),
(0000000000005082, 0000000148, 068, '2015-04-21 01:41:29'),
(0000000000005083, 0000000148, 068, '2015-04-21 01:41:29'),
(0000000000005084, 0000000148, 046, '2015-04-21 01:41:29'),
(0000000000005085, 0000000148, 046, '2015-04-21 01:41:29'),
(0000000000005086, 0000000148, 092, '2015-04-21 01:41:29'),
(0000000000005087, 0000000148, 081, '2015-04-21 01:41:29'),
(0000000000005088, 0000000148, 119, '2015-04-21 01:41:29'),
(0000000000005089, 0000000148, 022, '2015-04-21 01:41:29'),
(0000000000005090, 0000000148, 092, '2015-04-21 01:41:29'),
(0000000000005091, 0000000148, 121, '2015-04-21 01:41:29'),
(0000000000005092, 0000000148, 022, '2015-04-21 01:41:29'),
(0000000000005093, 0000000148, 120, '2015-04-21 01:41:29'),
(0000000000005094, 0000000148, 120, '2015-04-21 01:41:29'),
(0000000000005095, 0000000148, 121, '2015-04-21 01:41:29'),
(0000000000005127, 0000000150, 061, '2015-04-21 13:23:23'),
(0000000000005128, 0000000150, 074, '2015-04-21 13:23:23'),
(0000000000005129, 0000000150, 088, '2015-04-21 13:23:23'),
(0000000000005130, 0000000150, 020, '2015-04-21 13:23:23'),
(0000000000005131, 0000000150, 074, '2015-04-21 13:23:24'),
(0000000000005132, 0000000150, 068, '2015-04-21 13:23:24'),
(0000000000005133, 0000000150, 015, '2015-04-21 13:23:24'),
(0000000000005134, 0000000150, 020, '2015-04-21 13:23:24'),
(0000000000005135, 0000000150, 015, '2015-04-21 13:23:24'),
(0000000000005136, 0000000150, 088, '2015-04-21 13:23:24'),
(0000000000005137, 0000000150, 092, '2015-04-21 13:23:24'),
(0000000000005138, 0000000150, 092, '2015-04-21 13:23:24'),
(0000000000005139, 0000000150, 028, '2015-04-21 13:23:24'),
(0000000000005140, 0000000150, 074, '2015-04-21 13:23:24'),
(0000000000005141, 0000000150, 121, '2015-04-21 13:23:24'),
(0000000000005142, 0000000150, 092, '2015-04-21 13:23:24'),
(0000000000005143, 0000000150, 121, '2015-04-21 13:23:24'),
(0000000000005144, 0000000150, 092, '2015-04-21 13:23:24'),
(0000000000005145, 0000000150, 061, '2015-04-21 13:23:24'),
(0000000000005146, 0000000150, 068, '2015-04-21 13:23:24'),
(0000000000005147, 0000000150, 121, '2015-04-21 13:23:24'),
(0000000000005148, 0000000150, 061, '2015-04-21 13:23:24'),
(0000000000005149, 0000000150, 068, '2015-04-21 13:23:24'),
(0000000000005150, 0000000150, 020, '2015-04-21 13:23:24'),
(0000000000005151, 0000000150, 015, '2015-04-21 13:23:24'),
(0000000000005152, 0000000150, 121, '2015-04-21 13:23:24'),
(0000000000005153, 0000000150, 121, '2015-04-21 13:23:24'),
(0000000000005154, 0000000150, 022, '2015-04-21 13:23:24'),
(0000000000005155, 0000000150, 092, '2015-04-21 13:23:24'),
(0000000000005156, 0000000150, 088, '2015-04-21 13:23:24'),
(0000000000005211, 0000000152, 074, '2015-04-21 23:13:18'),
(0000000000005212, 0000000152, 139, '2015-04-21 23:13:18'),
(0000000000005213, 0000000152, 020, '2015-04-21 23:13:18'),
(0000000000005214, 0000000152, 041, '2015-04-21 23:13:18'),
(0000000000005215, 0000000152, 020, '2015-04-21 23:13:18'),
(0000000000005311, 0000000155, 031, '2015-04-23 15:33:44'),
(0000000000005312, 0000000155, 041, '2015-04-23 15:33:44'),
(0000000000005313, 0000000155, 088, '2015-04-23 15:33:44'),
(0000000000005314, 0000000155, 061, '2015-04-23 15:33:44'),
(0000000000005315, 0000000155, 041, '2015-04-23 15:33:44'),
(0000000000005316, 0000000155, 134, '2015-04-23 15:33:44'),
(0000000000005317, 0000000155, 088, '2015-04-23 15:33:44'),
(0000000000005318, 0000000155, 032, '2015-04-23 15:33:44'),
(0000000000005319, 0000000155, 074, '2015-04-23 15:33:44'),
(0000000000005320, 0000000155, 015, '2015-04-23 15:33:44'),
(0000000000005321, 0000000155, 074, '2015-04-23 15:33:44'),
(0000000000005322, 0000000155, 032, '2015-04-23 15:33:44'),
(0000000000005323, 0000000155, 068, '2015-04-23 15:33:44'),
(0000000000005324, 0000000155, 061, '2015-04-23 15:33:44'),
(0000000000005325, 0000000155, 020, '2015-04-23 15:33:44'),
(0000000000005326, 0000000155, 081, '2015-04-23 15:33:44'),
(0000000000005327, 0000000155, 088, '2015-04-23 15:33:44'),
(0000000000005328, 0000000155, 041, '2015-04-23 15:33:44');
INSERT INTO `assignment` (`ASSIGN_ID`, `DECK_ID`, `CARD_ID`, `ASSIGN_TIME`) VALUES
(0000000000005329, 0000000155, 015, '2015-04-23 15:33:44'),
(0000000000005330, 0000000155, 020, '2015-04-23 15:33:44'),
(0000000000005331, 0000000155, 032, '2015-04-23 15:33:44'),
(0000000000005332, 0000000155, 119, '2015-04-23 15:33:44'),
(0000000000005333, 0000000155, 075, '2015-04-23 15:33:44'),
(0000000000005334, 0000000155, 031, '2015-04-23 15:33:44'),
(0000000000005335, 0000000155, 081, '2015-04-23 15:33:44'),
(0000000000005336, 0000000155, 046, '2015-04-23 15:33:44'),
(0000000000005337, 0000000155, 081, '2015-04-23 15:33:44'),
(0000000000005338, 0000000155, 020, '2015-04-23 15:33:44'),
(0000000000005339, 0000000155, 020, '2015-04-23 15:33:44'),
(0000000000005340, 0000000155, 116, '2015-04-23 15:33:44'),
(0000000000005341, 0000000155, 119, '2015-04-23 15:33:44'),
(0000000000005342, 0000000155, 092, '2015-04-23 15:33:45'),
(0000000000005343, 0000000155, 068, '2015-04-23 15:33:45'),
(0000000000005344, 0000000155, 028, '2015-04-23 15:33:45'),
(0000000000005345, 0000000155, 119, '2015-04-23 15:33:45'),
(0000000000005346, 0000000155, 015, '2015-04-23 15:33:45'),
(0000000000005347, 0000000155, 022, '2015-04-23 15:33:45'),
(0000000000005348, 0000000155, 121, '2015-04-23 15:33:45'),
(0000000000005349, 0000000155, 031, '2015-04-23 15:33:45'),
(0000000000005350, 0000000155, 074, '2015-04-23 15:33:45'),
(0000000000005351, 0000000155, 136, '2015-04-23 15:33:45'),
(0000000000005352, 0000000155, 022, '2015-04-23 15:33:45'),
(0000000000005353, 0000000155, 120, '2015-04-23 15:33:45'),
(0000000000005354, 0000000155, 033, '2015-04-23 15:33:45'),
(0000000000005355, 0000000155, 033, '2015-04-23 15:33:45'),
(0000000000005356, 0000000155, 033, '2015-04-23 15:33:45'),
(0000000000005357, 0000000155, 120, '2015-04-23 15:33:45'),
(0000000000005358, 0000000155, 068, '2015-04-23 15:33:45'),
(0000000000005359, 0000000155, 061, '2015-04-23 15:33:45'),
(0000000000005360, 0000000155, 121, '2015-04-23 15:33:45'),
(0000000000005361, 0000000155, 092, '2015-04-23 15:33:45'),
(0000000000005362, 0000000155, 120, '2015-04-23 15:33:45'),
(0000000000005363, 0000000155, 088, '2015-04-23 15:33:47'),
(0000000000005364, 0000000155, 020, '2015-04-23 15:33:47'),
(0000000000005365, 0000000156, 081, '2015-04-24 21:18:34'),
(0000000000005366, 0000000156, 081, '2015-04-24 21:18:34'),
(0000000000005367, 0000000156, 081, '2015-04-24 21:18:34'),
(0000000000005368, 0000000156, 081, '2015-04-24 21:18:34'),
(0000000000005369, 0000000156, 081, '2015-04-24 21:18:34'),
(0000000000005370, 0000000156, 031, '2015-04-24 21:18:34'),
(0000000000005371, 0000000156, 022, '2015-04-24 21:18:34'),
(0000000000005372, 0000000156, 022, '2015-04-24 21:18:34'),
(0000000000005373, 0000000156, 031, '2015-04-24 21:18:34'),
(0000000000005374, 0000000156, 031, '2015-04-24 21:18:34'),
(0000000000005375, 0000000156, 041, '2015-04-24 21:18:34'),
(0000000000005376, 0000000156, 041, '2015-04-24 21:18:34'),
(0000000000005377, 0000000156, 041, '2015-04-24 21:18:34'),
(0000000000005378, 0000000156, 046, '2015-04-24 21:18:34'),
(0000000000005379, 0000000156, 046, '2015-04-24 21:18:34'),
(0000000000005380, 0000000156, 046, '2015-04-24 21:18:34'),
(0000000000005381, 0000000156, 046, '2015-04-24 21:18:34'),
(0000000000005382, 0000000156, 046, '2015-04-24 21:18:34'),
(0000000000005383, 0000000156, 033, '2015-04-24 21:18:34'),
(0000000000005384, 0000000156, 033, '2015-04-24 21:18:34'),
(0000000000005385, 0000000156, 033, '2015-04-24 21:18:34'),
(0000000000005386, 0000000156, 033, '2015-04-24 21:18:34'),
(0000000000005387, 0000000156, 033, '2015-04-24 21:18:34'),
(0000000000005388, 0000000156, 139, '2015-04-24 21:18:34'),
(0000000000005389, 0000000156, 139, '2015-04-24 21:18:34'),
(0000000000005390, 0000000156, 139, '2015-04-24 21:18:34'),
(0000000000005391, 0000000156, 139, '2015-04-24 21:18:34'),
(0000000000005392, 0000000156, 139, '2015-04-24 21:18:34'),
(0000000000005393, 0000000156, 088, '2015-04-24 21:18:34'),
(0000000000005394, 0000000156, 136, '2015-04-24 21:18:34'),
(0000000000005395, 0000000156, 136, '2015-04-24 21:18:34'),
(0000000000005396, 0000000156, 136, '2015-04-24 21:18:34'),
(0000000000005397, 0000000156, 028, '2015-04-24 21:18:34'),
(0000000000005398, 0000000156, 068, '2015-04-24 21:18:34'),
(0000000000005399, 0000000156, 068, '2015-04-24 21:18:34'),
(0000000000005400, 0000000156, 068, '2015-04-24 21:18:34'),
(0000000000005401, 0000000156, 020, '2015-04-24 21:18:34'),
(0000000000005402, 0000000156, 020, '2015-04-24 21:18:34'),
(0000000000005403, 0000000156, 020, '2015-04-24 21:18:34'),
(0000000000005404, 0000000156, 020, '2015-04-24 21:18:34'),
(0000000000005405, 0000000156, 020, '2015-04-24 21:18:34'),
(0000000000005406, 0000000156, 015, '2015-04-24 21:18:34'),
(0000000000005407, 0000000156, 061, '2015-04-24 21:18:34'),
(0000000000005408, 0000000156, 061, '2015-04-24 21:18:34'),
(0000000000005409, 0000000156, 061, '2015-04-24 21:18:34'),
(0000000000005410, 0000000156, 134, '2015-04-24 21:18:34'),
(0000000000005411, 0000000156, 075, '2015-04-24 21:18:34'),
(0000000000005412, 0000000156, 092, '2015-04-24 21:18:34'),
(0000000000005413, 0000000156, 092, '2015-04-24 21:18:34'),
(0000000000005414, 0000000156, 092, '2015-04-24 21:18:34'),
(0000000000005415, 0000000156, 092, '2015-04-24 21:18:34'),
(0000000000005416, 0000000156, 092, '2015-04-24 21:18:34'),
(0000000000005417, 0000000156, 121, '2015-04-24 21:18:34'),
(0000000000005418, 0000000156, 121, '2015-04-24 21:18:34'),
(0000000000005419, 0000000156, 121, '2015-04-24 21:18:34'),
(0000000000005420, 0000000156, 121, '2015-04-24 21:18:34'),
(0000000000005421, 0000000156, 121, '2015-04-24 21:18:34'),
(0000000000005422, 0000000156, 074, '2015-04-24 21:18:34'),
(0000000000005423, 0000000156, 074, '2015-04-24 21:18:34'),
(0000000000005424, 0000000156, 074, '2015-04-24 21:18:34'),
(0000000000005434, 0000000158, 081, '2015-04-25 19:04:54'),
(0000000000005435, 0000000158, 081, '2015-04-25 19:04:54'),
(0000000000005436, 0000000158, 081, '2015-04-25 19:04:54'),
(0000000000005437, 0000000158, 081, '2015-04-25 19:04:54'),
(0000000000005438, 0000000158, 081, '2015-04-25 19:04:54'),
(0000000000005439, 0000000158, 031, '2015-04-25 19:04:54'),
(0000000000005440, 0000000158, 022, '2015-04-25 19:04:54'),
(0000000000005441, 0000000158, 022, '2015-04-25 19:04:54'),
(0000000000005442, 0000000158, 031, '2015-04-25 19:04:54'),
(0000000000005443, 0000000158, 031, '2015-04-25 19:04:54'),
(0000000000005444, 0000000158, 041, '2015-04-25 19:04:54'),
(0000000000005445, 0000000158, 041, '2015-04-25 19:04:54'),
(0000000000005446, 0000000158, 041, '2015-04-25 19:04:54'),
(0000000000005447, 0000000158, 046, '2015-04-25 19:04:54'),
(0000000000005448, 0000000158, 046, '2015-04-25 19:04:54'),
(0000000000005449, 0000000158, 046, '2015-04-25 19:04:54'),
(0000000000005450, 0000000158, 046, '2015-04-25 19:04:54'),
(0000000000005451, 0000000158, 046, '2015-04-25 19:04:54'),
(0000000000005452, 0000000158, 033, '2015-04-25 19:04:54'),
(0000000000005453, 0000000158, 033, '2015-04-25 19:04:54'),
(0000000000005454, 0000000158, 033, '2015-04-25 19:04:54'),
(0000000000005455, 0000000158, 033, '2015-04-25 19:04:54'),
(0000000000005456, 0000000158, 033, '2015-04-25 19:04:54'),
(0000000000005457, 0000000158, 139, '2015-04-25 19:04:54'),
(0000000000005458, 0000000158, 139, '2015-04-25 19:04:54'),
(0000000000005459, 0000000158, 139, '2015-04-25 19:04:54'),
(0000000000005460, 0000000158, 139, '2015-04-25 19:04:54'),
(0000000000005461, 0000000158, 139, '2015-04-25 19:04:54'),
(0000000000005462, 0000000158, 088, '2015-04-25 19:04:54'),
(0000000000005463, 0000000158, 136, '2015-04-25 19:04:54'),
(0000000000005464, 0000000158, 136, '2015-04-25 19:04:54'),
(0000000000005465, 0000000158, 136, '2015-04-25 19:04:54'),
(0000000000005466, 0000000158, 028, '2015-04-25 19:04:54'),
(0000000000005467, 0000000158, 068, '2015-04-25 19:04:54'),
(0000000000005468, 0000000158, 068, '2015-04-25 19:04:54'),
(0000000000005469, 0000000158, 068, '2015-04-25 19:04:54'),
(0000000000005470, 0000000158, 020, '2015-04-25 19:04:54'),
(0000000000005471, 0000000158, 020, '2015-04-25 19:04:54'),
(0000000000005472, 0000000158, 020, '2015-04-25 19:04:54'),
(0000000000005473, 0000000158, 020, '2015-04-25 19:04:54'),
(0000000000005474, 0000000158, 020, '2015-04-25 19:04:54'),
(0000000000005475, 0000000158, 015, '2015-04-25 19:04:54'),
(0000000000005476, 0000000158, 061, '2015-04-25 19:04:54'),
(0000000000005477, 0000000158, 061, '2015-04-25 19:04:54'),
(0000000000005478, 0000000158, 061, '2015-04-25 19:04:54'),
(0000000000005479, 0000000158, 134, '2015-04-25 19:04:54'),
(0000000000005480, 0000000158, 075, '2015-04-25 19:04:54'),
(0000000000005481, 0000000158, 092, '2015-04-25 19:04:54'),
(0000000000005482, 0000000158, 092, '2015-04-25 19:04:54'),
(0000000000005483, 0000000158, 092, '2015-04-25 19:04:54'),
(0000000000005484, 0000000158, 092, '2015-04-25 19:04:54'),
(0000000000005485, 0000000158, 092, '2015-04-25 19:04:54'),
(0000000000005486, 0000000158, 121, '2015-04-25 19:04:54'),
(0000000000005487, 0000000158, 121, '2015-04-25 19:04:54'),
(0000000000005488, 0000000158, 121, '2015-04-25 19:04:54'),
(0000000000005489, 0000000158, 121, '2015-04-25 19:04:54'),
(0000000000005490, 0000000158, 121, '2015-04-25 19:04:54'),
(0000000000005491, 0000000158, 074, '2015-04-25 19:04:54'),
(0000000000005492, 0000000158, 074, '2015-04-25 19:04:54'),
(0000000000005493, 0000000158, 074, '2015-04-25 19:04:54'),
(0000000000005494, 0000000159, 031, '2015-04-28 14:25:56'),
(0000000000005495, 0000000159, 028, '2015-04-28 14:25:56'),
(0000000000005496, 0000000159, 088, '2015-04-28 14:25:57'),
(0000000000005497, 0000000159, 032, '2015-04-28 14:25:57'),
(0000000000005498, 0000000159, 041, '2015-04-28 14:25:57'),
(0000000000005499, 0000000159, 033, '2015-04-28 14:25:57'),
(0000000000005500, 0000000159, 119, '2015-04-28 14:25:57'),
(0000000000005501, 0000000159, 031, '2015-04-28 14:25:57'),
(0000000000005502, 0000000159, 092, '2015-04-28 14:25:57'),
(0000000000005503, 0000000159, 032, '2015-04-28 14:25:57'),
(0000000000005504, 0000000159, 020, '2015-04-28 14:25:57'),
(0000000000005505, 0000000159, 081, '2015-04-28 14:25:57'),
(0000000000005506, 0000000159, 046, '2015-04-28 14:25:57'),
(0000000000005507, 0000000159, 121, '2015-04-28 14:25:57'),
(0000000000005508, 0000000159, 033, '2015-04-28 14:25:57'),
(0000000000005509, 0000000160, 081, '2015-04-28 17:50:11'),
(0000000000005510, 0000000160, 081, '2015-04-28 17:50:11'),
(0000000000005511, 0000000160, 081, '2015-04-28 17:50:11'),
(0000000000005512, 0000000160, 081, '2015-04-28 17:50:11'),
(0000000000005513, 0000000160, 081, '2015-04-28 17:50:11'),
(0000000000005514, 0000000160, 031, '2015-04-28 17:50:11'),
(0000000000005515, 0000000160, 022, '2015-04-28 17:50:11'),
(0000000000005516, 0000000160, 022, '2015-04-28 17:50:11'),
(0000000000005517, 0000000160, 031, '2015-04-28 17:50:11'),
(0000000000005518, 0000000160, 031, '2015-04-28 17:50:11'),
(0000000000005519, 0000000160, 041, '2015-04-28 17:50:11'),
(0000000000005520, 0000000160, 041, '2015-04-28 17:50:11'),
(0000000000005521, 0000000160, 041, '2015-04-28 17:50:11'),
(0000000000005522, 0000000160, 046, '2015-04-28 17:50:11'),
(0000000000005523, 0000000160, 046, '2015-04-28 17:50:11'),
(0000000000005524, 0000000160, 046, '2015-04-28 17:50:11'),
(0000000000005525, 0000000160, 046, '2015-04-28 17:50:11'),
(0000000000005526, 0000000160, 046, '2015-04-28 17:50:11'),
(0000000000005527, 0000000160, 033, '2015-04-28 17:50:11'),
(0000000000005528, 0000000160, 033, '2015-04-28 17:50:11'),
(0000000000005529, 0000000160, 033, '2015-04-28 17:50:11'),
(0000000000005530, 0000000160, 033, '2015-04-28 17:50:11'),
(0000000000005531, 0000000160, 033, '2015-04-28 17:50:11'),
(0000000000005532, 0000000160, 139, '2015-04-28 17:50:11'),
(0000000000005533, 0000000160, 139, '2015-04-28 17:50:11'),
(0000000000005534, 0000000160, 139, '2015-04-28 17:50:11'),
(0000000000005535, 0000000160, 139, '2015-04-28 17:50:11'),
(0000000000005536, 0000000160, 139, '2015-04-28 17:50:11'),
(0000000000005537, 0000000160, 088, '2015-04-28 17:50:11'),
(0000000000005538, 0000000160, 136, '2015-04-28 17:50:11'),
(0000000000005539, 0000000160, 136, '2015-04-28 17:50:11'),
(0000000000005540, 0000000160, 136, '2015-04-28 17:50:11'),
(0000000000005541, 0000000160, 028, '2015-04-28 17:50:11'),
(0000000000005542, 0000000160, 068, '2015-04-28 17:50:11'),
(0000000000005543, 0000000160, 068, '2015-04-28 17:50:11'),
(0000000000005544, 0000000160, 068, '2015-04-28 17:50:11'),
(0000000000005545, 0000000160, 020, '2015-04-28 17:50:11'),
(0000000000005546, 0000000160, 020, '2015-04-28 17:50:11'),
(0000000000005547, 0000000160, 020, '2015-04-28 17:50:11'),
(0000000000005548, 0000000160, 020, '2015-04-28 17:50:11'),
(0000000000005549, 0000000160, 020, '2015-04-28 17:50:11'),
(0000000000005550, 0000000160, 015, '2015-04-28 17:50:11'),
(0000000000005551, 0000000160, 061, '2015-04-28 17:50:11'),
(0000000000005552, 0000000160, 061, '2015-04-28 17:50:11'),
(0000000000005553, 0000000160, 061, '2015-04-28 17:50:11'),
(0000000000005554, 0000000160, 134, '2015-04-28 17:50:11'),
(0000000000005555, 0000000160, 075, '2015-04-28 17:50:11'),
(0000000000005556, 0000000160, 092, '2015-04-28 17:50:11'),
(0000000000005557, 0000000160, 092, '2015-04-28 17:50:11'),
(0000000000005558, 0000000160, 092, '2015-04-28 17:50:11'),
(0000000000005559, 0000000160, 092, '2015-04-28 17:50:11'),
(0000000000005560, 0000000160, 092, '2015-04-28 17:50:11'),
(0000000000005561, 0000000160, 121, '2015-04-28 17:50:11'),
(0000000000005562, 0000000160, 121, '2015-04-28 17:50:11'),
(0000000000005563, 0000000160, 121, '2015-04-28 17:50:11'),
(0000000000005564, 0000000160, 121, '2015-04-28 17:50:11'),
(0000000000005565, 0000000160, 121, '2015-04-28 17:50:11'),
(0000000000005566, 0000000160, 074, '2015-04-28 17:50:11'),
(0000000000005567, 0000000160, 074, '2015-04-28 17:50:11'),
(0000000000005568, 0000000160, 074, '2015-04-28 17:50:11'),
(0000000000005569, 0000000161, 081, '2015-04-28 18:39:40'),
(0000000000005570, 0000000161, 081, '2015-04-28 18:39:40'),
(0000000000005571, 0000000161, 081, '2015-04-28 18:39:40'),
(0000000000005572, 0000000161, 081, '2015-04-28 18:39:40'),
(0000000000005573, 0000000161, 081, '2015-04-28 18:39:40'),
(0000000000005574, 0000000161, 031, '2015-04-28 18:39:40'),
(0000000000005575, 0000000161, 022, '2015-04-28 18:39:40'),
(0000000000005576, 0000000161, 022, '2015-04-28 18:39:40'),
(0000000000005577, 0000000161, 031, '2015-04-28 18:39:40'),
(0000000000005578, 0000000161, 031, '2015-04-28 18:39:40'),
(0000000000005579, 0000000161, 041, '2015-04-28 18:39:40'),
(0000000000005580, 0000000161, 041, '2015-04-28 18:39:40'),
(0000000000005581, 0000000161, 041, '2015-04-28 18:39:40'),
(0000000000005582, 0000000161, 046, '2015-04-28 18:39:40'),
(0000000000005583, 0000000161, 046, '2015-04-28 18:39:40'),
(0000000000005584, 0000000161, 046, '2015-04-28 18:39:40'),
(0000000000005585, 0000000161, 046, '2015-04-28 18:39:40'),
(0000000000005586, 0000000161, 046, '2015-04-28 18:39:40'),
(0000000000005587, 0000000161, 033, '2015-04-28 18:39:40'),
(0000000000005588, 0000000161, 033, '2015-04-28 18:39:40'),
(0000000000005589, 0000000161, 033, '2015-04-28 18:39:40'),
(0000000000005590, 0000000161, 033, '2015-04-28 18:39:40'),
(0000000000005591, 0000000161, 033, '2015-04-28 18:39:40'),
(0000000000005592, 0000000161, 139, '2015-04-28 18:39:40'),
(0000000000005593, 0000000161, 139, '2015-04-28 18:39:40'),
(0000000000005594, 0000000161, 139, '2015-04-28 18:39:40'),
(0000000000005595, 0000000161, 139, '2015-04-28 18:39:40'),
(0000000000005596, 0000000161, 139, '2015-04-28 18:39:40'),
(0000000000005597, 0000000161, 088, '2015-04-28 18:39:40'),
(0000000000005598, 0000000161, 136, '2015-04-28 18:39:40'),
(0000000000005599, 0000000161, 136, '2015-04-28 18:39:40'),
(0000000000005600, 0000000161, 136, '2015-04-28 18:39:40'),
(0000000000005601, 0000000161, 028, '2015-04-28 18:39:40'),
(0000000000005602, 0000000161, 068, '2015-04-28 18:39:40'),
(0000000000005603, 0000000161, 068, '2015-04-28 18:39:40'),
(0000000000005604, 0000000161, 068, '2015-04-28 18:39:40'),
(0000000000005605, 0000000161, 020, '2015-04-28 18:39:40'),
(0000000000005606, 0000000161, 020, '2015-04-28 18:39:40'),
(0000000000005607, 0000000161, 020, '2015-04-28 18:39:40'),
(0000000000005608, 0000000161, 020, '2015-04-28 18:39:40'),
(0000000000005609, 0000000161, 020, '2015-04-28 18:39:40'),
(0000000000005610, 0000000161, 015, '2015-04-28 18:39:40'),
(0000000000005611, 0000000161, 061, '2015-04-28 18:39:40'),
(0000000000005612, 0000000161, 061, '2015-04-28 18:39:40'),
(0000000000005613, 0000000161, 061, '2015-04-28 18:39:40'),
(0000000000005614, 0000000161, 134, '2015-04-28 18:39:40'),
(0000000000005615, 0000000161, 075, '2015-04-28 18:39:40'),
(0000000000005616, 0000000161, 092, '2015-04-28 18:39:40'),
(0000000000005617, 0000000161, 092, '2015-04-28 18:39:40'),
(0000000000005618, 0000000161, 092, '2015-04-28 18:39:40'),
(0000000000005619, 0000000161, 092, '2015-04-28 18:39:40'),
(0000000000005620, 0000000161, 092, '2015-04-28 18:39:40'),
(0000000000005621, 0000000161, 121, '2015-04-28 18:39:40'),
(0000000000005622, 0000000161, 121, '2015-04-28 18:39:40'),
(0000000000005623, 0000000161, 121, '2015-04-28 18:39:40'),
(0000000000005624, 0000000161, 121, '2015-04-28 18:39:40'),
(0000000000005625, 0000000161, 121, '2015-04-28 18:39:40'),
(0000000000005626, 0000000161, 074, '2015-04-28 18:39:40'),
(0000000000005627, 0000000161, 074, '2015-04-28 18:39:40'),
(0000000000005628, 0000000161, 074, '2015-04-28 18:39:40'),
(0000000000005629, 0000000162, 081, '2015-04-28 18:43:34'),
(0000000000005630, 0000000162, 046, '2015-04-28 18:43:34'),
(0000000000005631, 0000000162, 022, '2015-04-28 18:43:34'),
(0000000000005632, 0000000162, 081, '2015-04-28 18:43:34'),
(0000000000005633, 0000000162, 081, '2015-04-28 18:43:37'),
(0000000000005634, 0000000163, 081, '2015-05-02 20:06:37'),
(0000000000005635, 0000000163, 081, '2015-05-02 20:06:37'),
(0000000000005636, 0000000163, 081, '2015-05-02 20:06:37'),
(0000000000005637, 0000000163, 081, '2015-05-02 20:06:37'),
(0000000000005638, 0000000163, 081, '2015-05-02 20:06:37'),
(0000000000005639, 0000000163, 031, '2015-05-02 20:06:37'),
(0000000000005640, 0000000163, 022, '2015-05-02 20:06:37'),
(0000000000005641, 0000000163, 022, '2015-05-02 20:06:37'),
(0000000000005642, 0000000163, 031, '2015-05-02 20:06:37'),
(0000000000005643, 0000000163, 031, '2015-05-02 20:06:37'),
(0000000000005644, 0000000163, 041, '2015-05-02 20:06:37'),
(0000000000005645, 0000000163, 041, '2015-05-02 20:06:37'),
(0000000000005646, 0000000163, 041, '2015-05-02 20:06:37'),
(0000000000005647, 0000000163, 046, '2015-05-02 20:06:37'),
(0000000000005648, 0000000163, 046, '2015-05-02 20:06:37'),
(0000000000005649, 0000000163, 046, '2015-05-02 20:06:37'),
(0000000000005650, 0000000163, 046, '2015-05-02 20:06:37'),
(0000000000005651, 0000000163, 046, '2015-05-02 20:06:37'),
(0000000000005652, 0000000163, 033, '2015-05-02 20:06:37'),
(0000000000005653, 0000000163, 033, '2015-05-02 20:06:37'),
(0000000000005654, 0000000163, 033, '2015-05-02 20:06:37'),
(0000000000005655, 0000000163, 033, '2015-05-02 20:06:37'),
(0000000000005656, 0000000163, 033, '2015-05-02 20:06:37'),
(0000000000005657, 0000000163, 139, '2015-05-02 20:06:37'),
(0000000000005658, 0000000163, 139, '2015-05-02 20:06:37'),
(0000000000005659, 0000000163, 139, '2015-05-02 20:06:37'),
(0000000000005660, 0000000163, 139, '2015-05-02 20:06:37'),
(0000000000005661, 0000000163, 139, '2015-05-02 20:06:37'),
(0000000000005662, 0000000163, 088, '2015-05-02 20:06:37'),
(0000000000005663, 0000000163, 136, '2015-05-02 20:06:37'),
(0000000000005664, 0000000163, 136, '2015-05-02 20:06:37'),
(0000000000005665, 0000000163, 136, '2015-05-02 20:06:37'),
(0000000000005666, 0000000163, 028, '2015-05-02 20:06:37'),
(0000000000005667, 0000000163, 068, '2015-05-02 20:06:37'),
(0000000000005668, 0000000163, 068, '2015-05-02 20:06:37'),
(0000000000005669, 0000000163, 068, '2015-05-02 20:06:37'),
(0000000000005670, 0000000163, 020, '2015-05-02 20:06:37'),
(0000000000005671, 0000000163, 020, '2015-05-02 20:06:37'),
(0000000000005672, 0000000163, 020, '2015-05-02 20:06:37'),
(0000000000005673, 0000000163, 020, '2015-05-02 20:06:37'),
(0000000000005674, 0000000163, 020, '2015-05-02 20:06:37'),
(0000000000005675, 0000000163, 015, '2015-05-02 20:06:37'),
(0000000000005676, 0000000163, 061, '2015-05-02 20:06:37'),
(0000000000005677, 0000000163, 061, '2015-05-02 20:06:37'),
(0000000000005678, 0000000163, 061, '2015-05-02 20:06:37'),
(0000000000005679, 0000000163, 134, '2015-05-02 20:06:37'),
(0000000000005680, 0000000163, 075, '2015-05-02 20:06:37'),
(0000000000005681, 0000000163, 092, '2015-05-02 20:06:37'),
(0000000000005682, 0000000163, 092, '2015-05-02 20:06:37'),
(0000000000005683, 0000000163, 092, '2015-05-02 20:06:37'),
(0000000000005684, 0000000163, 092, '2015-05-02 20:06:37'),
(0000000000005685, 0000000163, 092, '2015-05-02 20:06:37'),
(0000000000005686, 0000000163, 121, '2015-05-02 20:06:37'),
(0000000000005687, 0000000163, 121, '2015-05-02 20:06:37'),
(0000000000005688, 0000000163, 121, '2015-05-02 20:06:37'),
(0000000000005689, 0000000163, 121, '2015-05-02 20:06:37'),
(0000000000005690, 0000000163, 121, '2015-05-02 20:06:37'),
(0000000000005691, 0000000163, 074, '2015-05-02 20:06:37'),
(0000000000005692, 0000000163, 074, '2015-05-02 20:06:37'),
(0000000000005693, 0000000163, 074, '2015-05-02 20:06:37');

-- --------------------------------------------------------

--
-- Table structure for table `card`
--

CREATE TABLE IF NOT EXISTS `card` (
`CARD_ID` int(3) unsigned zerofill NOT NULL,
  `CARD_NAME` varchar(60) NOT NULL,
  `CARD_DESC` longtext NOT NULL,
  `CARD_PWR` int(1) NOT NULL,
  `CARD_STR` int(1) DEFAULT NULL,
  `CARD_VIT` int(1) DEFAULT NULL,
  `CARD_EQP` int(1) DEFAULT NULL,
  `CARD_EID` int(3) DEFAULT NULL,
  `CARD_ATRB` set('QW','SW','PI') DEFAULT NULL,
  `CARD_TYPE` set('MINION','SPELL-N','SPELL-C','SPELL-E','SPELL-T') NOT NULL,
  `CARD_ALIGN` int(1) NOT NULL
) ENGINE=InnoDB AUTO_INCREMENT=152 DEFAULT CHARSET=latin1;

--
-- Dumping data for table `card`
--

INSERT INTO `card` (`CARD_ID`, `CARD_NAME`, `CARD_DESC`, `CARD_PWR`, `CARD_STR`, `CARD_VIT`, `CARD_EQP`, `CARD_EID`, `CARD_ATRB`, `CARD_TYPE`, `CARD_ALIGN`) VALUES
(001, 'Holy Recruit', 'A recruit of the light.', 0, 0, 0, 3, NULL, 'QW', 'MINION', 1),
(002, 'Salty Squire', 'Oooooooh! He''s so salty!', 0, 0, 1, 3, NULL, 'SW', 'MINION', 1),
(003, 'Crouching Nun', 'Silent as the night', 1, 1, 2, 1, NULL, 'SW', 'MINION', 1),
(004, 'Field Medic', '', 1, 0, 2, 2, NULL, NULL, 'MINION', 1),
(005, 'Cardinal Beardsey', 'He has the biggest and bushiest beard of all the Cardinals.', 1, 1, 2, 0, NULL, NULL, 'MINION', 1),
(006, 'Pudgey Pope', 'He''s got quite the pudge on him.', 2, 1, 3, 2, NULL, NULL, 'MINION', 1),
(007, 'Hidden Monk', 'Silence is golden.', 2, 2, 2, 1, NULL, 'SW', 'MINION', 1),
(008, 'Fledgling Cleric', 'He''s just startin'' out. He''s got a lot to learn.', 2, 2, 2, 2, NULL, 'SW', 'MINION', 1),
(009, 'Pudgey Paladin', 'This Paladin may be pudgey, but he packs a profound punch.', 3, 2, 4, 1, NULL, NULL, 'MINION', 1),
(010, 'Midget Inquisitor', 'Hard to see, packs a punch.', 3, 2, 3, 0, NULL, NULL, 'MINION', 1),
(011, 'Priestess of Promise', '', 3, 1, 2, 1, NULL, NULL, 'MINION', 1),
(012, 'Pegasus Knight', 'Atop his mighty Pegasus, none can stop him.', 4, 2, 4, 1, NULL, 'QW', 'MINION', 1),
(013, 'Nova Knight', 'Brother of Pegasus Knight, he is blindingly shiny.', 4, 2, 4, 1, NULL, 'SW', 'MINION', 1),
(014, 'Holy Crusader', 'He will stop at nothing to ensure the Crusade continues.', 5, 2, 6, 1, NULL, 'SW', 'MINION', 1),
(015, 'Hyperion, Lucent King', 'Light rains down from the Heavens, and all who stand before him tremble.', 5, 2, 7, 0, NULL, 'SW', 'MINION', 1),
(016, 'Lich', 'Evil and deadly.', 1, 2, 1, 1, NULL, 'QW', 'MINION', 2),
(017, 'Banshee', 'Her shrieks can deafen you.', 1, 2, 1, 1, NULL, 'QW', 'MINION', 2),
(018, 'Animated Armor', 'This armor is alive, and it''s DEADLY!', 1, 1, 2, 2, NULL, NULL, 'MINION', 2),
(019, 'Novice Warlock', '', 2, 2, 2, 2, NULL, NULL, 'MINION', 2),
(020, 'Bone Cluster', '', 2, 1, 3, 0, NULL, 'SW', 'MINION', 2),
(021, 'Undead Brute', '', 2, 3, 1, 1, NULL, NULL, 'MINION', 2),
(022, 'Lyra the Lycan', '', 3, 3, 2, 0, NULL, 'QW', 'MINION', 2),
(023, 'Necrophage', 'Gain 1 VIT for every friendly minion that is destroyed.', 3, 2, 2, 1, NULL, NULL, 'MINION', 2),
(024, 'Death''s Descendant', '', 3, 3, 3, 0, NULL, NULL, 'MINION', 2),
(025, 'Skeletal Dragon', '', 4, 4, 4, 0, NULL, NULL, 'MINION', 2),
(026, 'Fallen Paladin', '', 4, 4, 3, 1, NULL, NULL, 'MINION', 2),
(027, 'Ascendant Warlock', '', 4, 3, 4, 0, NULL, NULL, 'MINION', 2),
(028, 'Keeper of Souls', '', 5, 1, 6, 0, NULL, NULL, 'MINION', 2),
(029, 'Unchained Cerberus', '', 5, 4, 4, 1, NULL, NULL, 'MINION', 2),
(030, 'Malathor', '', 5, 5, 5, 1, NULL, 'PI', 'MINION', 2),
(031, 'Gift of the Saints', 'Give 1 PWR to yourself.', 0, 0, 0, 0, NULL, NULL, 'SPELL-N', 1),
(032, 'Holy Arrow', 'Deal 2 DMG to enemy champion.', 1, 0, 0, 0, NULL, NULL, 'SPELL-N', 1),
(033, 'Righteous Axe', 'Adds 2 STR to whom it is equipped.', 2, 0, 0, 0, NULL, NULL, 'SPELL-E', 1),
(034, 'Hallowed Helmet', 'Adds 2 VIT to whom it is equipped.', 2, 0, 0, 0, NULL, NULL, 'SPELL-E', 1),
(035, 'Divine Charity', 'Adds 5 VIT to champion of your choosing.', 2, 0, 0, 0, NULL, NULL, 'SPELL-N', 1),
(036, 'Shield of Light', 'Gives shield wall to whom it is equipped.', 2, 0, 0, 0, NULL, NULL, 'SPELL-E', 1),
(037, 'Retribution', 'Next enemy minion to attack has its damage returned to itself without damaging friendly minion.', 2, 0, 0, 0, NULL, NULL, 'SPELL-T', 1),
(038, 'Holy Water', 'Heals 1 VIT to all friendly minions for 3 turns.', 3, 0, 0, 0, NULL, NULL, 'SPELL-C', 1),
(039, 'Blessed Strength', 'Gives 2 STR to all friendly minions that lasts for 2 turns.', 3, 0, 0, 0, NULL, NULL, 'SPELL-C', 1),
(040, 'Relentless Faith', 'Friendly minion of your choice can attack twice this turn, for one turn only.', 3, 0, 0, 0, NULL, NULL, 'SPELL-N', 1),
(041, 'Blessed Armory', 'Gives 2 VIT to all friendly minions.', 3, 0, 0, 0, NULL, NULL, 'SPELL-N', 1),
(042, 'Divine Intervention', 'If player VIT will reach zero from enemy minion attack, player VIT is set to 1, with the difference being done to the minion that attacked the player.', 4, 0, 0, 0, NULL, NULL, 'SPELL-T', 1),
(043, 'Sword of Justice', 'Gives 1 STR every turn to whom it is equipped.', 4, 0, 0, 0, NULL, NULL, 'SPELL-E', 1),
(044, 'Fountain of Life', 'Reset all friendly minion''s VIT to their base VIT.', 5, 0, 0, 0, NULL, NULL, 'SPELL-N', 1),
(045, 'Smite', 'Destroys enemy minion of your choice.', 5, 0, 0, 0, NULL, NULL, 'SPELL-N', 1),
(046, 'Leech Life', 'Damage one friendly minion for 1 VIT and heal yourself for 2 VIT.', 1, 0, 0, 0, NULL, NULL, 'SPELL-N', 2),
(047, 'Shadow Bolt', 'Deal 2 damage to opponent.', 1, 0, 0, 0, NULL, NULL, 'SPELL-N', 2),
(048, 'Demon Blade', 'Adds 2 STR to whom it is equipped.', 2, 0, 0, 0, NULL, NULL, 'SPELL-E', 2),
(049, 'Corruption', 'Deal 1 damage to target minion for 2 turns.', 2, 0, 0, 0, NULL, NULL, 'SPELL-C', 2),
(050, 'Sacrificial Pact', 'Discard minion from your hand with 3 or more STR and heal your champion for 3 VIT.', 2, 0, 0, 0, NULL, NULL, 'SPELL-N', 2),
(051, 'Malathor''s Vice', 'Increase target minion STR by 3 and decrease minion VIT by 1.', 2, 0, 0, 0, NULL, NULL, 'SPELL-E', 2),
(052, 'Necrotic Empowerment', 'Deal 2 damage to yourself to empower all friendly minions with 2 STR.', 3, 0, 0, 0, NULL, NULL, 'SPELL-N', 2),
(053, 'Dark Demise', 'Destroy enemy minion of your choice, subtract minion''s current VIT from your champion''s HP.', 3, 0, 0, 0, NULL, NULL, 'SPELL-N', 2),
(054, 'Terror', 'Fear all enemies for one turn, keeping them from attacking.', 3, 0, 0, 0, NULL, NULL, 'SPELL-N', 2),
(055, 'Blood Link', 'Link 2 friendly minions. Damage done to one minion is divided between linked minions.', 3, 0, 0, 0, NULL, NULL, 'SPELL-C', 2),
(056, 'Mind Scatter', 'When an opponent''s minion attacks, it is dazed for 2 turns.', 3, 0, 0, 0, NULL, NULL, 'SPELL-T', 2),
(057, 'Black Plague', 'Deal 1 damage to all minions and champions.', 4, 0, 0, 0, NULL, NULL, 'SPELL-N', 2),
(058, 'Devil''s Advocate', 'Switch target minion''s STR and VIT.', 4, 0, 0, 0, NULL, NULL, 'SPELL-N', 2),
(059, 'Soul Reaper', 'Destroy all damaged minions on the board.', 5, 0, 0, 0, NULL, NULL, 'SPELL-N', 2),
(060, 'Dark Resorption', 'Increase target minion''s STR equal to the number of minions of the same name in the discard.', 1, 0, 0, 0, NULL, NULL, 'SPELL-E', 2),
(061, '100 Year Old Wizard', '', 1, 1, 2, 0, NULL, NULL, 'MINION', 5),
(062, 'Fairy Stinger', '', 1, 2, 1, 1, NULL, NULL, 'MINION', 5),
(063, 'Mind Flayer', '', 1, 1, 1, 2, NULL, NULL, 'MINION', 5),
(064, 'Shadowdancer', '', 2, 2, 2, 1, NULL, NULL, 'MINION', 5),
(065, 'Alchemist', '', 2, 1, 3, 2, NULL, NULL, 'MINION', 5),
(066, 'Spark Sniper', '', 2, 2, 2, 1, NULL, 'PI', 'MINION', 5),
(067, 'Psychic Trickster', '', 2, 1, 3, 0, NULL, NULL, 'MINION', 5),
(068, 'Illusionist', '', 3, 1, 4, 0, NULL, 'SW', 'MINION', 5),
(069, 'Fourthbreaker', '', 3, 3, 3, 1, NULL, NULL, 'MINION', 5),
(070, 'Arcanomancer', '', 3, 2, 4, 0, NULL, NULL, 'MINION', 5),
(071, 'Chronomancer', '', 3, 2, 4, 0, NULL, NULL, 'MINION', 5),
(072, 'Astromancer', '', 3, 0, 2, 0, NULL, NULL, 'MINION', 5),
(073, 'Arcane Dragon', '', 4, 4, 3, 0, NULL, NULL, 'MINION', 5),
(074, 'Harbinger of Doom', '', 4, 2, 5, 1, NULL, 'QW', 'MINION', 5),
(075, 'Archmage Volarus', '', 5, 4, 6, 1, NULL, NULL, 'MINION', 5),
(076, 'Energy Pack', 'Replenish 3 PWR.', 0, 0, 0, 0, NULL, NULL, 'SPELL-N', 5),
(077, 'Wormhole', 'Choose 1 active enemy minion card to return to enemy hand.', 1, 0, 0, 0, NULL, NULL, 'SPELL-N', 5),
(078, 'Spectral Spear', 'Gives PI to whom it is equipped.', 1, 0, 0, 0, NULL, NULL, 'SPELL-E', 5),
(079, 'Mind Reader', 'Select one card in enemy''s hand and reveal it to you.', 1, 0, 0, 0, NULL, NULL, 'SPELL-N', 5),
(080, 'Prism Shield', 'Champion gains +1 VIT for each minion on the field.', 2, 0, 0, 0, NULL, NULL, 'SPELL-N', 5),
(081, 'Insight', 'Draw two cards.', 2, 0, 0, 0, NULL, NULL, 'SPELL-N', 5),
(082, 'Life Support', 'Replenish 1 VIT each turn to whom it is equipped.', 2, 0, 0, 0, NULL, NULL, 'SPELL-E', 5),
(083, 'Magic Missle', 'Target enemy minion takes 1 damage for 3 turns.', 3, 0, 0, 0, NULL, NULL, 'SPELL-C', 5),
(084, 'Vaporize', 'Target friendly minion and a random enemy minion will be destroyed.', 3, 0, 0, 0, NULL, NULL, 'SPELL-N', 5),
(085, 'Arcane Mist', 'All enemy minions lose 1 STR. Lasts 3 turns.', 3, 0, 0, 0, NULL, NULL, 'SPELL-C', 5),
(086, 'Supernova', 'All enemy minions receive 2 damage for 3 turns.', 4, 0, 0, 0, NULL, NULL, 'SPELL-C', 5),
(087, 'Meteor Storm', 'Deal 1 damage to a random enemy minion. Lasts 6 turns.', 4, 0, 0, 0, NULL, NULL, 'SPELL-C', 5),
(088, 'Black Hole', 'Destroy all cards on the field. End turn.', 5, 0, 0, 0, NULL, NULL, 'SPELL-N', 5),
(089, 'Power Charge', 'Damage target enemy minion equal to remaining PWR on turn. Can be activated at player discretion.', 5, 0, 0, 0, NULL, NULL, 'SPELL-N', 5),
(090, 'Time Blink', 'When a friendly minion is destroyed all attributes of that minion are reset to base value.', 5, 0, 0, 0, NULL, NULL, 'SPELL-T', 5),
(091, 'Wise Old Ent', '', 1, 1, 2, 0, NULL, NULL, 'MINION', 4),
(092, 'Pyromaniac', '', 1, 1, 1, 1, NULL, NULL, 'MINION', 4),
(093, 'Siren', '', 1, 1, 1, 0, NULL, 'SW', 'MINION', 4),
(094, 'Cloud Spirit', '', 1, 0, 3, 1, NULL, 'QW', 'MINION', 4),
(095, 'Rock Golem', '', 2, 2, 2, 1, NULL, NULL, 'MINION', 4),
(096, 'Windfury Shaman', '', 2, 1, 3, 0, NULL, NULL, 'MINION', 4),
(097, 'Lightning Elemental', '', 2, 3, 1, 0, NULL, NULL, 'MINION', 4),
(098, 'Ancient Druid', '', 2, 1, 2, 2, NULL, NULL, 'MINION', 4),
(099, 'Magma Wyrm', '', 3, 2, 3, 1, NULL, NULL, 'MINION', 4),
(100, 'Ice Warden', '', 3, 1, 4, 0, NULL, 'SW', 'MINION', 4),
(101, 'Blue Fire Phoenix', '', 3, 1, 2, 1, NULL, NULL, 'MINION', 4),
(102, 'Crystal Colossus', '', 4, 3, 4, 0, NULL, NULL, 'MINION', 4),
(103, 'Whirlwind Assassin', '', 4, 4, 3, 0, NULL, NULL, 'MINION', 4),
(104, 'Volteo, Storm Caller', '', 5, 1, 6, 0, NULL, NULL, 'MINION', 4),
(105, 'Alunte, King of Elements', '', 5, 4, 5, 0, NULL, NULL, 'MINION', 4),
(106, 'Acid Surge', 'Destroy equips of attacking minion.', 1, 0, 0, 0, NULL, NULL, 'SPELL-T', 4),
(107, 'Black Ice', 'Next attack from enemy minion is negated.', 1, 0, 0, 0, NULL, NULL, 'SPELL-T', 4),
(108, 'Glacial Rush', 'Gives all friendly minions QW this turn.', 1, 0, 0, 0, NULL, NULL, 'SPELL-N', 4),
(109, 'Cyclone', 'Destroy all triggers on the board.', 2, 0, 0, 0, NULL, NULL, 'SPELL-N', 4),
(110, 'Windstorm', 'Negates all enemy damage when friendly target is damaged.', 2, 0, 0, 0, NULL, NULL, 'SPELL-T', 4),
(111, 'Fire Sword', 'Gives 2 STR to whom it is equipped.', 2, 0, 0, 0, NULL, NULL, 'SPELL-E', 4),
(112, 'Rock Wall', 'Gives SW to target minion.', 2, 0, 0, 0, NULL, NULL, 'SPELL-N', 4),
(113, 'Deep Roots', 'When friendly minion gets attacked it receives +2 VIT.', 2, 0, 0, 0, NULL, NULL, 'SPELL-T', 4),
(114, 'Stoneskin', 'Gives +2 VIT to whom it is equipped.', 2, 0, 0, 0, NULL, NULL, 'SPELL-E', 4),
(115, 'Fire Blast', 'Next enemy minion to be played takes 2 damage immediately.', 2, 0, 0, 0, NULL, NULL, 'SPELL-T', 4),
(116, 'Healing Waters', 'Heals all friendly minions 2 VIT.', 2, 0, 0, 0, NULL, NULL, 'SPELL-N', 4),
(117, 'Ice Lance', 'When a friendly minion is attacked, deal 1 damage to all enemy minions.', 2, 0, 0, 0, NULL, NULL, 'SPELL-T', 4),
(118, 'Static Shock', 'Next enemy minion to attack gets dazed for 2 turns.', 3, 0, 0, 0, NULL, NULL, 'SPELL-T', 4),
(119, 'Lava Stream', 'Deal 5 damage to enemy hero.', 3, 0, 0, 0, NULL, NULL, 'SPELL-N', 4),
(120, 'Tidal Wave', 'Deals 2 damage to all enemies.', 3, 0, 0, 0, NULL, NULL, 'SPELL-N', 4),
(121, 'Spiderling', '', 1, 1, 1, 0, NULL, 'QW', 'MINION', 3),
(122, 'Screaming Eagle', '', 1, 2, 1, 0, NULL, 'PI', 'MINION', 3),
(123, 'Expendable Fool', '', 1, 1, 1, 1, NULL, NULL, 'MINION', 3),
(124, 'Mon Capitan', '', 2, 2, 2, 1, NULL, NULL, 'MINION', 3),
(125, 'Capitan''s Crew', '', 2, 2, 2, 1, NULL, NULL, 'MINION', 3),
(126, 'Elven Bowman', '', 2, 3, 1, 1, NULL, 'PI', 'MINION', 3),
(127, 'Crocolisk', '', 3, 3, 2, 0, NULL, NULL, 'MINION', 3),
(128, 'Werecat', '', 3, 2, 3, 0, NULL, NULL, 'MINION', 3),
(129, 'Aggressive Minotaur', '', 3, 4, 1, 1, NULL, 'QW', 'MINION', 3),
(130, 'Combat Bard', '', 3, 2, 2, 2, NULL, NULL, 'MINION', 3),
(131, 'Trebuchet', '', 4, 5, 2, 0, NULL, NULL, 'MINION', 3),
(132, 'Hippogryph Rider', '', 4, 3, 3, 2, NULL, NULL, 'MINION', 3),
(133, 'Dojo Bear', '', 4, 2, 5, 1, NULL, 'SW', 'MINION', 3),
(134, 'Chunk Norse', '', 5, 4, 4, 2, NULL, 'SW', 'MINION', 3),
(135, 'King Things, The Organic', '', 5, 5, 4, 1, NULL, NULL, 'MINION', 3),
(136, 'Suit Up!', 'Gives +1 STR and +1 VIT to whom it is equipped.', 1, 0, 0, 0, NULL, NULL, 'SPELL-E', 3),
(137, 'Poison Tips', 'Gives +1 STR to whom it is equipped.', 1, 0, 0, 0, NULL, NULL, 'SPELL-E', 3),
(138, 'Healing Herb', 'Heals 2 VIT to target friendly minion.', 1, 0, 0, 0, NULL, NULL, 'SPELL-N', 3),
(139, 'Archaeological Dig', 'Draw 2 cards.', 2, 0, 0, 0, NULL, NULL, 'SPELL-N', 3),
(140, 'Razor Snare', 'When enemy minion attacks it takes 2 damage.', 2, 0, 0, 0, NULL, NULL, 'SPELL-T', 3),
(141, 'Venomous Barb', 'Does 1 damage to attacking minion for 3 turns.', 2, 0, 0, 0, NULL, NULL, 'SPELL-C', 3),
(142, 'Tower Shield', 'Gives SW to whom it is equipped.', 2, 0, 0, 0, NULL, NULL, 'SPELL-E', 3),
(143, 'Dispel', 'Negates activation of enemy spell.', 2, 0, 0, 0, NULL, NULL, 'SPELL-T', 3),
(144, 'Intelligence', 'Reveals one random enemy player card.', 2, 0, 0, 0, NULL, NULL, 'SPELL-N', 3),
(145, 'Stockade', 'Daze target enemy minion.', 2, 0, 0, 0, NULL, NULL, 'SPELL-N', 3),
(146, 'For King and Country', 'Gives all friendly minions QW.', 2, 0, 0, 0, NULL, NULL, 'SPELL-N', 3),
(147, 'Warrior''s Rest', 'Daze and completely heal target friendly minion for 1 turn.', 3, 0, 0, 0, NULL, NULL, 'SPELL-N', 3),
(148, 'Recurve Bow', 'Gives +2 STR to whom it is equipped.', 2, 0, 0, 0, NULL, NULL, 'SPELL-E', 3),
(149, 'First Light', 'At the beginning of next turn, increase PWR by 1 for duration of match.', 3, 0, 0, 0, NULL, NULL, 'SPELL-N', 3),
(150, 'Tit-for-Tat', 'The next enemy minion to kill a friendly minion is destroyed.', 4, 0, 0, 0, NULL, NULL, 'SPELL-T', 3),
(151, 'Superman', 'This is the one hit KO cheat card. Only Cody has it.', 0, 25, 25, 1, NULL, 'QW', 'MINION', 3);

-- --------------------------------------------------------

--
-- Table structure for table `deck`
--

CREATE TABLE IF NOT EXISTS `deck` (
`DECK_ID` int(10) unsigned zerofill NOT NULL,
  `USER_ID` int(10) unsigned zerofill NOT NULL,
  `DECK_NAME` varchar(32) NOT NULL,
  `DECK_CARDCOUNT` int(2) NOT NULL
) ENGINE=InnoDB AUTO_INCREMENT=164 DEFAULT CHARSET=latin1;

--
-- Dumping data for table `deck`
--

INSERT INTO `deck` (`DECK_ID`, `USER_ID`, `DECK_NAME`, `DECK_CARDCOUNT`) VALUES
(0000000002, 0000000001, 'starter', 30),
(0000000022, 0000000038, 'Starter Deck', 60),
(0000000023, 0000000039, 'Starter Deck', 60),
(0000000024, 0000000040, 'Starter Deck', 60),
(0000000025, 0000000041, 'Starter Deck', 60),
(0000000027, 0000000043, 'Starter Deck', 60),
(0000000028, 0000000044, 'Starter Deck', 60),
(0000000033, 0000000049, 'Starter Deck', 60),
(0000000073, 0000000093, 'codys@#$ deck', 60),
(0000000093, 0000000094, 'Starter Deck', 60),
(0000000128, 0000000097, 'Starter Deck', 60),
(0000000133, 0000000008, 'starter', 60),
(0000000144, 0000000098, 'I am Awesome', 60),
(0000000146, 0000000099, 'Starter Deck', 60),
(0000000148, 0000000010, 'Presentation Deck', 60),
(0000000150, 0000000008, 'superDeckEdit', 60),
(0000000152, 0000000011, 'Dev Deck', 60),
(0000000155, 0000000008, 'newSuperDeck', 60),
(0000000156, 0000000100, 'Starter Deck', 60),
(0000000158, 0000000101, 'Starter Deck', 60),
(0000000159, 0000000011, 'Demo Deck', 60),
(0000000160, 0000000102, 'Starter Deck', 60),
(0000000161, 0000000103, 'Starter Deck', 60),
(0000000162, 0000000103, 'Test Deck', 60),
(0000000163, 0000000106, 'Starter Deck', 60);

-- --------------------------------------------------------

--
-- Table structure for table `match`
--

CREATE TABLE IF NOT EXISTS `match` (
`MATCH_ID` int(16) unsigned zerofill NOT NULL,
  `MATCH_TIME` datetime NOT NULL DEFAULT CURRENT_TIMESTAMP,
  `MATCH_WID` int(10) unsigned zerofill NOT NULL,
  `MATCH_LID` int(10) unsigned zerofill NOT NULL
) ENGINE=InnoDB DEFAULT CHARSET=latin1;

-- --------------------------------------------------------

--
-- Table structure for table `ownership`
--

CREATE TABLE IF NOT EXISTS `ownership` (
`OWN_ID` int(11) unsigned zerofill NOT NULL,
  `USER_ID` int(10) unsigned zerofill NOT NULL,
  `CARD_ID` int(3) unsigned zerofill NOT NULL,
  `OWN_TIME` datetime NOT NULL DEFAULT CURRENT_TIMESTAMP
) ENGINE=InnoDB AUTO_INCREMENT=2059 DEFAULT CHARSET=utf8;

--
-- Dumping data for table `ownership`
--

INSERT INTO `ownership` (`OWN_ID`, `USER_ID`, `CARD_ID`, `OWN_TIME`) VALUES
(00000000001, 0000000008, 081, '2015-03-30 09:26:55'),
(00000000002, 0000000008, 081, '2015-03-30 09:26:55'),
(00000000003, 0000000008, 081, '2015-03-30 09:26:55'),
(00000000004, 0000000008, 081, '2015-03-30 09:26:55'),
(00000000005, 0000000008, 081, '2015-03-30 09:26:55'),
(00000000006, 0000000008, 031, '2015-03-30 09:26:55'),
(00000000007, 0000000008, 022, '2015-03-30 09:26:55'),
(00000000008, 0000000008, 022, '2015-03-30 09:26:55'),
(00000000009, 0000000008, 031, '2015-03-30 09:26:55'),
(00000000010, 0000000008, 031, '2015-03-30 09:26:55'),
(00000000011, 0000000008, 041, '2015-03-30 09:26:55'),
(00000000012, 0000000008, 041, '2015-03-30 09:26:55'),
(00000000013, 0000000008, 041, '2015-03-30 09:26:55'),
(00000000014, 0000000008, 046, '2015-03-30 09:26:55'),
(00000000015, 0000000008, 046, '2015-03-30 09:26:55'),
(00000000016, 0000000008, 046, '2015-03-30 09:26:55'),
(00000000017, 0000000008, 046, '2015-03-30 09:26:55'),
(00000000018, 0000000008, 046, '2015-03-30 09:26:55'),
(00000000019, 0000000008, 033, '2015-03-30 09:26:55'),
(00000000020, 0000000008, 033, '2015-03-30 09:26:55'),
(00000000021, 0000000008, 033, '2015-03-30 09:26:55'),
(00000000022, 0000000008, 033, '2015-03-30 09:26:55'),
(00000000023, 0000000008, 033, '2015-03-30 09:26:55'),
(00000000024, 0000000008, 139, '2015-03-30 09:26:55'),
(00000000025, 0000000008, 139, '2015-03-30 09:26:55'),
(00000000026, 0000000008, 139, '2015-03-30 09:26:55'),
(00000000027, 0000000008, 139, '2015-03-30 09:26:55'),
(00000000028, 0000000008, 139, '2015-03-30 09:26:55'),
(00000000029, 0000000008, 088, '2015-03-30 09:26:55'),
(00000000030, 0000000008, 136, '2015-03-30 09:26:55'),
(00000000031, 0000000008, 136, '2015-03-30 09:26:55'),
(00000000032, 0000000008, 136, '2015-03-30 09:26:55'),
(00000000033, 0000000008, 028, '2015-03-30 09:26:55'),
(00000000034, 0000000008, 068, '2015-03-30 09:26:55'),
(00000000035, 0000000008, 068, '2015-03-30 09:26:55'),
(00000000036, 0000000008, 068, '2015-03-30 09:26:55'),
(00000000037, 0000000008, 020, '2015-03-30 09:26:55'),
(00000000038, 0000000008, 020, '2015-03-30 09:26:55'),
(00000000039, 0000000008, 020, '2015-03-30 09:26:55'),
(00000000040, 0000000008, 020, '2015-03-30 09:26:55'),
(00000000041, 0000000008, 020, '2015-03-30 09:26:55'),
(00000000042, 0000000008, 015, '2015-03-30 09:26:55'),
(00000000043, 0000000008, 061, '2015-03-30 09:26:55'),
(00000000044, 0000000008, 061, '2015-03-30 09:26:55'),
(00000000045, 0000000008, 061, '2015-03-30 09:26:55'),
(00000000046, 0000000008, 134, '2015-03-30 09:26:55'),
(00000000047, 0000000008, 075, '2015-03-30 09:26:55'),
(00000000048, 0000000008, 092, '2015-03-30 09:26:55'),
(00000000049, 0000000008, 092, '2015-03-30 09:26:55'),
(00000000050, 0000000008, 092, '2015-03-30 09:26:55'),
(00000000051, 0000000008, 092, '2015-03-30 09:26:55'),
(00000000052, 0000000008, 092, '2015-03-30 09:26:55'),
(00000000053, 0000000008, 121, '2015-03-30 09:26:55'),
(00000000054, 0000000008, 121, '2015-03-30 09:26:55'),
(00000000055, 0000000008, 121, '2015-03-30 09:26:55'),
(00000000056, 0000000008, 121, '2015-03-30 09:26:55'),
(00000000057, 0000000008, 121, '2015-03-30 09:26:55'),
(00000000058, 0000000008, 074, '2015-03-30 09:26:55'),
(00000000059, 0000000008, 074, '2015-03-30 09:26:55'),
(00000000060, 0000000008, 074, '2015-03-30 09:26:55'),
(00000000061, 0000000010, 081, '2015-03-30 09:28:04'),
(00000000062, 0000000010, 081, '2015-03-30 09:28:04'),
(00000000063, 0000000010, 081, '2015-03-30 09:28:04'),
(00000000064, 0000000010, 081, '2015-03-30 09:28:04'),
(00000000065, 0000000010, 081, '2015-03-30 09:28:04'),
(00000000066, 0000000010, 031, '2015-03-30 09:28:04'),
(00000000067, 0000000010, 022, '2015-03-30 09:28:04'),
(00000000068, 0000000010, 022, '2015-03-30 09:28:04'),
(00000000069, 0000000010, 031, '2015-03-30 09:28:04'),
(00000000070, 0000000010, 031, '2015-03-30 09:28:04'),
(00000000071, 0000000010, 041, '2015-03-30 09:28:04'),
(00000000072, 0000000010, 041, '2015-03-30 09:28:04'),
(00000000073, 0000000010, 041, '2015-03-30 09:28:04'),
(00000000074, 0000000010, 046, '2015-03-30 09:28:04'),
(00000000075, 0000000010, 046, '2015-03-30 09:28:04'),
(00000000076, 0000000010, 046, '2015-03-30 09:28:04'),
(00000000077, 0000000010, 046, '2015-03-30 09:28:04'),
(00000000078, 0000000010, 046, '2015-03-30 09:28:04'),
(00000000079, 0000000010, 033, '2015-03-30 09:28:04'),
(00000000080, 0000000010, 033, '2015-03-30 09:28:04'),
(00000000081, 0000000010, 033, '2015-03-30 09:28:04'),
(00000000082, 0000000010, 033, '2015-03-30 09:28:04'),
(00000000083, 0000000010, 033, '2015-03-30 09:28:04'),
(00000000084, 0000000010, 139, '2015-03-30 09:28:04'),
(00000000085, 0000000010, 139, '2015-03-30 09:28:04'),
(00000000086, 0000000010, 139, '2015-03-30 09:28:04'),
(00000000087, 0000000010, 139, '2015-03-30 09:28:04'),
(00000000088, 0000000010, 139, '2015-03-30 09:28:04'),
(00000000089, 0000000010, 088, '2015-03-30 09:28:04'),
(00000000090, 0000000010, 136, '2015-03-30 09:28:04'),
(00000000091, 0000000010, 136, '2015-03-30 09:28:04'),
(00000000092, 0000000010, 136, '2015-03-30 09:28:04'),
(00000000093, 0000000010, 028, '2015-03-30 09:28:04'),
(00000000094, 0000000010, 068, '2015-03-30 09:28:04'),
(00000000095, 0000000010, 068, '2015-03-30 09:28:04'),
(00000000096, 0000000010, 068, '2015-03-30 09:28:04'),
(00000000097, 0000000010, 020, '2015-03-30 09:28:04'),
(00000000098, 0000000010, 020, '2015-03-30 09:28:04'),
(00000000099, 0000000010, 020, '2015-03-30 09:28:04'),
(00000000100, 0000000010, 020, '2015-03-30 09:28:04'),
(00000000101, 0000000010, 020, '2015-03-30 09:28:04'),
(00000000102, 0000000010, 015, '2015-03-30 09:28:04'),
(00000000103, 0000000010, 061, '2015-03-30 09:28:04'),
(00000000104, 0000000010, 061, '2015-03-30 09:28:04'),
(00000000105, 0000000010, 061, '2015-03-30 09:28:04'),
(00000000106, 0000000010, 134, '2015-03-30 09:28:04'),
(00000000107, 0000000010, 075, '2015-03-30 09:28:04'),
(00000000108, 0000000010, 092, '2015-03-30 09:28:04'),
(00000000109, 0000000010, 092, '2015-03-30 09:28:04'),
(00000000110, 0000000010, 092, '2015-03-30 09:28:04'),
(00000000111, 0000000010, 092, '2015-03-30 09:28:04'),
(00000000112, 0000000010, 092, '2015-03-30 09:28:04'),
(00000000113, 0000000010, 121, '2015-03-30 09:28:04'),
(00000000114, 0000000010, 121, '2015-03-30 09:28:04'),
(00000000115, 0000000010, 121, '2015-03-30 09:28:04'),
(00000000116, 0000000010, 121, '2015-03-30 09:28:04'),
(00000000117, 0000000010, 121, '2015-03-30 09:28:04'),
(00000000118, 0000000010, 074, '2015-03-30 09:28:04'),
(00000000119, 0000000010, 074, '2015-03-30 09:28:04'),
(00000000120, 0000000010, 074, '2015-03-30 09:28:04'),
(00000000121, 0000000011, 081, '2015-03-30 09:28:31'),
(00000000122, 0000000011, 081, '2015-03-30 09:28:31'),
(00000000123, 0000000011, 081, '2015-03-30 09:28:31'),
(00000000124, 0000000011, 081, '2015-03-30 09:28:31'),
(00000000125, 0000000011, 081, '2015-03-30 09:28:31'),
(00000000126, 0000000011, 031, '2015-03-30 09:28:31'),
(00000000127, 0000000011, 022, '2015-03-30 09:28:31'),
(00000000128, 0000000011, 022, '2015-03-30 09:28:31'),
(00000000129, 0000000011, 031, '2015-03-30 09:28:31'),
(00000000130, 0000000011, 031, '2015-03-30 09:28:31'),
(00000000131, 0000000011, 041, '2015-03-30 09:28:31'),
(00000000132, 0000000011, 041, '2015-03-30 09:28:31'),
(00000000133, 0000000011, 041, '2015-03-30 09:28:31'),
(00000000134, 0000000011, 046, '2015-03-30 09:28:31'),
(00000000135, 0000000011, 046, '2015-03-30 09:28:31'),
(00000000136, 0000000011, 046, '2015-03-30 09:28:31'),
(00000000137, 0000000011, 046, '2015-03-30 09:28:31'),
(00000000138, 0000000011, 046, '2015-03-30 09:28:31'),
(00000000139, 0000000011, 033, '2015-03-30 09:28:31'),
(00000000140, 0000000011, 033, '2015-03-30 09:28:31'),
(00000000141, 0000000011, 033, '2015-03-30 09:28:31'),
(00000000142, 0000000011, 033, '2015-03-30 09:28:31'),
(00000000143, 0000000011, 033, '2015-03-30 09:28:31'),
(00000000144, 0000000011, 139, '2015-03-30 09:28:31'),
(00000000145, 0000000011, 139, '2015-03-30 09:28:31'),
(00000000146, 0000000011, 139, '2015-03-30 09:28:31'),
(00000000147, 0000000011, 139, '2015-03-30 09:28:31'),
(00000000148, 0000000011, 139, '2015-03-30 09:28:31'),
(00000000149, 0000000011, 088, '2015-03-30 09:28:31'),
(00000000150, 0000000011, 136, '2015-03-30 09:28:31'),
(00000000151, 0000000011, 136, '2015-03-30 09:28:31'),
(00000000152, 0000000011, 136, '2015-03-30 09:28:31'),
(00000000153, 0000000011, 028, '2015-03-30 09:28:31'),
(00000000154, 0000000011, 068, '2015-03-30 09:28:31'),
(00000000155, 0000000011, 068, '2015-03-30 09:28:31'),
(00000000156, 0000000011, 068, '2015-03-30 09:28:31'),
(00000000157, 0000000011, 020, '2015-03-30 09:28:31'),
(00000000158, 0000000011, 020, '2015-03-30 09:28:31'),
(00000000159, 0000000011, 020, '2015-03-30 09:28:31'),
(00000000160, 0000000011, 020, '2015-03-30 09:28:31'),
(00000000161, 0000000011, 020, '2015-03-30 09:28:31'),
(00000000162, 0000000011, 015, '2015-03-30 09:28:31'),
(00000000163, 0000000011, 061, '2015-03-30 09:28:31'),
(00000000164, 0000000011, 061, '2015-03-30 09:28:31'),
(00000000165, 0000000011, 061, '2015-03-30 09:28:31'),
(00000000166, 0000000011, 134, '2015-03-30 09:28:31'),
(00000000167, 0000000011, 075, '2015-03-30 09:28:31'),
(00000000168, 0000000011, 092, '2015-03-30 09:28:31'),
(00000000169, 0000000011, 092, '2015-03-30 09:28:31'),
(00000000170, 0000000011, 092, '2015-03-30 09:28:31'),
(00000000171, 0000000011, 092, '2015-03-30 09:28:31'),
(00000000172, 0000000011, 092, '2015-03-30 09:28:31'),
(00000000173, 0000000011, 121, '2015-03-30 09:28:31'),
(00000000174, 0000000011, 121, '2015-03-30 09:28:31'),
(00000000175, 0000000011, 121, '2015-03-30 09:28:31'),
(00000000176, 0000000011, 121, '2015-03-30 09:28:31'),
(00000000177, 0000000011, 121, '2015-03-30 09:28:31'),
(00000000178, 0000000011, 074, '2015-03-30 09:28:31'),
(00000000179, 0000000011, 074, '2015-03-30 09:28:31'),
(00000000180, 0000000011, 074, '2015-03-30 09:28:31'),
(00000000421, 0000000008, 151, '2015-04-03 19:18:42'),
(00000000422, 0000000008, 151, '2015-04-03 19:18:42'),
(00000000423, 0000000010, 015, '2015-04-03 22:37:06'),
(00000000424, 0000000010, 015, '2015-04-03 22:37:06'),
(00000000425, 0000000008, 015, '2015-04-03 22:37:06'),
(00000000426, 0000000008, 015, '2015-04-03 22:37:06'),
(00000000427, 0000000011, 025, '2015-04-06 17:40:10'),
(00000001404, 0000000093, 081, '2015-04-09 09:27:00'),
(00000001405, 0000000093, 081, '2015-04-09 09:27:00'),
(00000001406, 0000000093, 081, '2015-04-09 09:27:00'),
(00000001407, 0000000093, 081, '2015-04-09 09:27:00'),
(00000001408, 0000000093, 081, '2015-04-09 09:27:00'),
(00000001409, 0000000093, 031, '2015-04-09 09:27:00'),
(00000001410, 0000000093, 022, '2015-04-09 09:27:00'),
(00000001411, 0000000093, 022, '2015-04-09 09:27:00'),
(00000001412, 0000000093, 031, '2015-04-09 09:27:00'),
(00000001413, 0000000093, 031, '2015-04-09 09:27:00'),
(00000001414, 0000000093, 041, '2015-04-09 09:27:00'),
(00000001415, 0000000093, 041, '2015-04-09 09:27:00'),
(00000001416, 0000000093, 041, '2015-04-09 09:27:00'),
(00000001417, 0000000093, 046, '2015-04-09 09:27:00'),
(00000001418, 0000000093, 046, '2015-04-09 09:27:00'),
(00000001419, 0000000093, 046, '2015-04-09 09:27:00'),
(00000001420, 0000000093, 046, '2015-04-09 09:27:00'),
(00000001421, 0000000093, 046, '2015-04-09 09:27:00'),
(00000001422, 0000000093, 033, '2015-04-09 09:27:00'),
(00000001423, 0000000093, 033, '2015-04-09 09:27:00'),
(00000001424, 0000000093, 033, '2015-04-09 09:27:00'),
(00000001425, 0000000093, 033, '2015-04-09 09:27:00'),
(00000001426, 0000000093, 033, '2015-04-09 09:27:00'),
(00000001427, 0000000093, 139, '2015-04-09 09:27:00'),
(00000001428, 0000000093, 139, '2015-04-09 09:27:00'),
(00000001429, 0000000093, 139, '2015-04-09 09:27:00'),
(00000001430, 0000000093, 139, '2015-04-09 09:27:00'),
(00000001431, 0000000093, 139, '2015-04-09 09:27:00'),
(00000001432, 0000000093, 088, '2015-04-09 09:27:00'),
(00000001433, 0000000093, 136, '2015-04-09 09:27:00'),
(00000001434, 0000000093, 136, '2015-04-09 09:27:00'),
(00000001435, 0000000093, 136, '2015-04-09 09:27:00'),
(00000001436, 0000000093, 028, '2015-04-09 09:27:00'),
(00000001437, 0000000093, 068, '2015-04-09 09:27:00'),
(00000001438, 0000000093, 068, '2015-04-09 09:27:00'),
(00000001439, 0000000093, 068, '2015-04-09 09:27:00'),
(00000001440, 0000000093, 020, '2015-04-09 09:27:00'),
(00000001441, 0000000093, 020, '2015-04-09 09:27:00'),
(00000001442, 0000000093, 020, '2015-04-09 09:27:00'),
(00000001443, 0000000093, 020, '2015-04-09 09:27:00'),
(00000001444, 0000000093, 020, '2015-04-09 09:27:00'),
(00000001445, 0000000093, 015, '2015-04-09 09:27:00'),
(00000001446, 0000000093, 061, '2015-04-09 09:27:00'),
(00000001447, 0000000093, 061, '2015-04-09 09:27:00'),
(00000001448, 0000000093, 061, '2015-04-09 09:27:00'),
(00000001449, 0000000093, 134, '2015-04-09 09:27:00'),
(00000001450, 0000000093, 075, '2015-04-09 09:27:00'),
(00000001451, 0000000093, 092, '2015-04-09 09:27:00'),
(00000001452, 0000000093, 092, '2015-04-09 09:27:00'),
(00000001453, 0000000093, 092, '2015-04-09 09:27:00'),
(00000001454, 0000000093, 092, '2015-04-09 09:27:00'),
(00000001455, 0000000093, 092, '2015-04-09 09:27:00'),
(00000001456, 0000000093, 121, '2015-04-09 09:27:00'),
(00000001457, 0000000093, 121, '2015-04-09 09:27:00'),
(00000001458, 0000000093, 121, '2015-04-09 09:27:00'),
(00000001459, 0000000093, 121, '2015-04-09 09:27:00'),
(00000001460, 0000000093, 121, '2015-04-09 09:27:00'),
(00000001461, 0000000093, 074, '2015-04-09 09:27:00'),
(00000001462, 0000000093, 074, '2015-04-09 09:27:00'),
(00000001463, 0000000093, 074, '2015-04-09 09:27:00'),
(00000001464, 0000000093, 025, '2015-04-09 09:27:00'),
(00000001465, 0000000094, 081, '2015-04-09 23:07:09'),
(00000001466, 0000000094, 081, '2015-04-09 23:07:09'),
(00000001467, 0000000094, 081, '2015-04-09 23:07:09'),
(00000001468, 0000000094, 081, '2015-04-09 23:07:09'),
(00000001469, 0000000094, 081, '2015-04-09 23:07:09'),
(00000001470, 0000000094, 031, '2015-04-09 23:07:09'),
(00000001471, 0000000094, 022, '2015-04-09 23:07:09'),
(00000001472, 0000000094, 022, '2015-04-09 23:07:09'),
(00000001473, 0000000094, 031, '2015-04-09 23:07:09'),
(00000001474, 0000000094, 031, '2015-04-09 23:07:09'),
(00000001475, 0000000094, 041, '2015-04-09 23:07:09'),
(00000001476, 0000000094, 041, '2015-04-09 23:07:09'),
(00000001477, 0000000094, 041, '2015-04-09 23:07:09'),
(00000001478, 0000000094, 046, '2015-04-09 23:07:09'),
(00000001479, 0000000094, 046, '2015-04-09 23:07:09'),
(00000001480, 0000000094, 046, '2015-04-09 23:07:09'),
(00000001481, 0000000094, 046, '2015-04-09 23:07:09'),
(00000001482, 0000000094, 046, '2015-04-09 23:07:09'),
(00000001483, 0000000094, 033, '2015-04-09 23:07:09'),
(00000001484, 0000000094, 033, '2015-04-09 23:07:09'),
(00000001485, 0000000094, 033, '2015-04-09 23:07:09'),
(00000001486, 0000000094, 033, '2015-04-09 23:07:09'),
(00000001487, 0000000094, 033, '2015-04-09 23:07:09'),
(00000001488, 0000000094, 139, '2015-04-09 23:07:09'),
(00000001489, 0000000094, 139, '2015-04-09 23:07:09'),
(00000001490, 0000000094, 139, '2015-04-09 23:07:09'),
(00000001491, 0000000094, 139, '2015-04-09 23:07:09'),
(00000001492, 0000000094, 139, '2015-04-09 23:07:09'),
(00000001493, 0000000094, 088, '2015-04-09 23:07:09'),
(00000001494, 0000000094, 136, '2015-04-09 23:07:09'),
(00000001495, 0000000094, 136, '2015-04-09 23:07:09'),
(00000001496, 0000000094, 136, '2015-04-09 23:07:09'),
(00000001497, 0000000094, 028, '2015-04-09 23:07:09'),
(00000001498, 0000000094, 068, '2015-04-09 23:07:09'),
(00000001499, 0000000094, 068, '2015-04-09 23:07:09'),
(00000001500, 0000000094, 068, '2015-04-09 23:07:09'),
(00000001501, 0000000094, 020, '2015-04-09 23:07:09'),
(00000001502, 0000000094, 020, '2015-04-09 23:07:09'),
(00000001503, 0000000094, 020, '2015-04-09 23:07:09'),
(00000001504, 0000000094, 020, '2015-04-09 23:07:09'),
(00000001505, 0000000094, 020, '2015-04-09 23:07:09'),
(00000001506, 0000000094, 015, '2015-04-09 23:07:09'),
(00000001507, 0000000094, 061, '2015-04-09 23:07:09'),
(00000001508, 0000000094, 061, '2015-04-09 23:07:09'),
(00000001509, 0000000094, 061, '2015-04-09 23:07:09'),
(00000001510, 0000000094, 134, '2015-04-09 23:07:09'),
(00000001511, 0000000094, 075, '2015-04-09 23:07:09'),
(00000001512, 0000000094, 092, '2015-04-09 23:07:09'),
(00000001513, 0000000094, 092, '2015-04-09 23:07:09'),
(00000001514, 0000000094, 092, '2015-04-09 23:07:09'),
(00000001515, 0000000094, 092, '2015-04-09 23:07:09'),
(00000001516, 0000000094, 092, '2015-04-09 23:07:09'),
(00000001517, 0000000094, 121, '2015-04-09 23:07:09'),
(00000001518, 0000000094, 121, '2015-04-09 23:07:09'),
(00000001519, 0000000094, 121, '2015-04-09 23:07:09'),
(00000001520, 0000000094, 121, '2015-04-09 23:07:09'),
(00000001521, 0000000094, 121, '2015-04-09 23:07:09'),
(00000001522, 0000000094, 074, '2015-04-09 23:07:09'),
(00000001523, 0000000094, 074, '2015-04-09 23:07:09'),
(00000001524, 0000000094, 074, '2015-04-09 23:07:09'),
(00000001525, 0000000094, 025, '2015-04-09 23:07:09'),
(00000001526, 0000000097, 081, '2015-04-14 22:56:06'),
(00000001527, 0000000097, 081, '2015-04-14 22:56:06'),
(00000001528, 0000000097, 081, '2015-04-14 22:56:06'),
(00000001529, 0000000097, 081, '2015-04-14 22:56:06'),
(00000001530, 0000000097, 081, '2015-04-14 22:56:06'),
(00000001531, 0000000097, 031, '2015-04-14 22:56:06'),
(00000001532, 0000000097, 022, '2015-04-14 22:56:06'),
(00000001533, 0000000097, 022, '2015-04-14 22:56:06'),
(00000001534, 0000000097, 031, '2015-04-14 22:56:06'),
(00000001535, 0000000097, 031, '2015-04-14 22:56:06'),
(00000001536, 0000000097, 041, '2015-04-14 22:56:06'),
(00000001537, 0000000097, 041, '2015-04-14 22:56:06'),
(00000001538, 0000000097, 041, '2015-04-14 22:56:06'),
(00000001539, 0000000097, 046, '2015-04-14 22:56:06'),
(00000001540, 0000000097, 046, '2015-04-14 22:56:06'),
(00000001541, 0000000097, 046, '2015-04-14 22:56:06'),
(00000001542, 0000000097, 046, '2015-04-14 22:56:06'),
(00000001543, 0000000097, 046, '2015-04-14 22:56:06'),
(00000001544, 0000000097, 033, '2015-04-14 22:56:06'),
(00000001545, 0000000097, 033, '2015-04-14 22:56:06'),
(00000001546, 0000000097, 033, '2015-04-14 22:56:06'),
(00000001547, 0000000097, 033, '2015-04-14 22:56:06'),
(00000001548, 0000000097, 033, '2015-04-14 22:56:06'),
(00000001549, 0000000097, 139, '2015-04-14 22:56:06'),
(00000001550, 0000000097, 139, '2015-04-14 22:56:06'),
(00000001551, 0000000097, 139, '2015-04-14 22:56:06'),
(00000001552, 0000000097, 139, '2015-04-14 22:56:06'),
(00000001553, 0000000097, 139, '2015-04-14 22:56:06'),
(00000001554, 0000000097, 088, '2015-04-14 22:56:06'),
(00000001555, 0000000097, 136, '2015-04-14 22:56:06'),
(00000001556, 0000000097, 136, '2015-04-14 22:56:06'),
(00000001557, 0000000097, 136, '2015-04-14 22:56:06'),
(00000001558, 0000000097, 028, '2015-04-14 22:56:06'),
(00000001559, 0000000097, 068, '2015-04-14 22:56:06'),
(00000001560, 0000000097, 068, '2015-04-14 22:56:06'),
(00000001561, 0000000097, 068, '2015-04-14 22:56:06'),
(00000001562, 0000000097, 020, '2015-04-14 22:56:06'),
(00000001563, 0000000097, 020, '2015-04-14 22:56:06'),
(00000001564, 0000000097, 020, '2015-04-14 22:56:06'),
(00000001565, 0000000097, 020, '2015-04-14 22:56:06'),
(00000001566, 0000000097, 020, '2015-04-14 22:56:06'),
(00000001567, 0000000097, 015, '2015-04-14 22:56:06'),
(00000001568, 0000000097, 061, '2015-04-14 22:56:06'),
(00000001569, 0000000097, 061, '2015-04-14 22:56:06'),
(00000001570, 0000000097, 061, '2015-04-14 22:56:06'),
(00000001571, 0000000097, 134, '2015-04-14 22:56:06'),
(00000001572, 0000000097, 075, '2015-04-14 22:56:06'),
(00000001573, 0000000097, 092, '2015-04-14 22:56:06'),
(00000001574, 0000000097, 092, '2015-04-14 22:56:06'),
(00000001575, 0000000097, 092, '2015-04-14 22:56:06'),
(00000001576, 0000000097, 092, '2015-04-14 22:56:06'),
(00000001577, 0000000097, 092, '2015-04-14 22:56:06'),
(00000001578, 0000000097, 121, '2015-04-14 22:56:06'),
(00000001579, 0000000097, 121, '2015-04-14 22:56:06'),
(00000001580, 0000000097, 121, '2015-04-14 22:56:06'),
(00000001581, 0000000097, 121, '2015-04-14 22:56:06'),
(00000001582, 0000000097, 121, '2015-04-14 22:56:06'),
(00000001583, 0000000097, 074, '2015-04-14 22:56:06'),
(00000001584, 0000000097, 074, '2015-04-14 22:56:06'),
(00000001585, 0000000097, 074, '2015-04-14 22:56:06'),
(00000001586, 0000000097, 025, '2015-04-14 22:56:06'),
(00000001587, 0000000008, 032, '2015-04-15 17:41:31'),
(00000001588, 0000000008, 032, '2015-04-15 17:41:31'),
(00000001589, 0000000008, 032, '2015-04-15 17:41:31'),
(00000001590, 0000000008, 088, '2015-04-15 17:41:31'),
(00000001591, 0000000008, 088, '2015-04-15 17:41:31'),
(00000001592, 0000000008, 088, '2015-04-15 17:41:31'),
(00000001593, 0000000008, 116, '2015-04-15 17:41:31'),
(00000001594, 0000000008, 116, '2015-04-15 17:41:31'),
(00000001595, 0000000008, 116, '2015-04-15 17:41:31'),
(00000001596, 0000000008, 119, '2015-04-15 17:41:31'),
(00000001597, 0000000008, 119, '2015-04-15 17:41:31'),
(00000001598, 0000000008, 119, '2015-04-15 17:41:31'),
(00000001599, 0000000008, 120, '2015-04-15 17:41:31'),
(00000001600, 0000000008, 120, '2015-04-15 17:41:31'),
(00000001601, 0000000008, 120, '2015-04-15 17:41:31'),
(00000001602, 0000000010, 032, '2015-04-15 17:42:17'),
(00000001603, 0000000010, 032, '2015-04-15 17:42:17'),
(00000001604, 0000000010, 032, '2015-04-15 17:42:17'),
(00000001605, 0000000010, 088, '2015-04-15 17:42:17'),
(00000001606, 0000000010, 088, '2015-04-15 17:42:17'),
(00000001607, 0000000010, 088, '2015-04-15 17:42:17'),
(00000001608, 0000000010, 116, '2015-04-15 17:42:17'),
(00000001609, 0000000010, 116, '2015-04-15 17:42:17'),
(00000001610, 0000000010, 116, '2015-04-15 17:42:17'),
(00000001611, 0000000010, 119, '2015-04-15 17:42:17'),
(00000001612, 0000000010, 119, '2015-04-15 17:42:17'),
(00000001613, 0000000010, 119, '2015-04-15 17:42:17'),
(00000001614, 0000000010, 120, '2015-04-15 17:42:17'),
(00000001615, 0000000010, 120, '2015-04-15 17:42:17'),
(00000001616, 0000000010, 120, '2015-04-15 17:42:17'),
(00000001617, 0000000011, 032, '2015-04-15 17:42:41'),
(00000001618, 0000000011, 032, '2015-04-15 17:42:41'),
(00000001619, 0000000011, 032, '2015-04-15 17:42:41'),
(00000001620, 0000000011, 088, '2015-04-15 17:42:41'),
(00000001621, 0000000011, 088, '2015-04-15 17:42:41'),
(00000001622, 0000000011, 088, '2015-04-15 17:42:41'),
(00000001623, 0000000011, 116, '2015-04-15 17:42:41'),
(00000001624, 0000000011, 116, '2015-04-15 17:42:41'),
(00000001625, 0000000011, 116, '2015-04-15 17:42:41'),
(00000001626, 0000000011, 119, '2015-04-15 17:42:41'),
(00000001627, 0000000011, 119, '2015-04-15 17:42:41'),
(00000001628, 0000000011, 119, '2015-04-15 17:42:41'),
(00000001629, 0000000011, 120, '2015-04-15 17:42:41'),
(00000001630, 0000000011, 120, '2015-04-15 17:42:41'),
(00000001631, 0000000011, 120, '2015-04-15 17:42:41'),
(00000001632, 0000000098, 081, '2015-04-16 15:39:26'),
(00000001633, 0000000098, 081, '2015-04-16 15:39:26'),
(00000001634, 0000000098, 081, '2015-04-16 15:39:26'),
(00000001635, 0000000098, 081, '2015-04-16 15:39:26'),
(00000001636, 0000000098, 081, '2015-04-16 15:39:26'),
(00000001637, 0000000098, 031, '2015-04-16 15:39:26'),
(00000001638, 0000000098, 022, '2015-04-16 15:39:26'),
(00000001639, 0000000098, 022, '2015-04-16 15:39:26'),
(00000001640, 0000000098, 031, '2015-04-16 15:39:26'),
(00000001641, 0000000098, 031, '2015-04-16 15:39:26'),
(00000001642, 0000000098, 041, '2015-04-16 15:39:26'),
(00000001643, 0000000098, 041, '2015-04-16 15:39:26'),
(00000001644, 0000000098, 041, '2015-04-16 15:39:26'),
(00000001645, 0000000098, 046, '2015-04-16 15:39:26'),
(00000001646, 0000000098, 046, '2015-04-16 15:39:26'),
(00000001647, 0000000098, 046, '2015-04-16 15:39:26'),
(00000001648, 0000000098, 046, '2015-04-16 15:39:26'),
(00000001649, 0000000098, 046, '2015-04-16 15:39:26'),
(00000001650, 0000000098, 033, '2015-04-16 15:39:26'),
(00000001651, 0000000098, 033, '2015-04-16 15:39:26'),
(00000001652, 0000000098, 033, '2015-04-16 15:39:26'),
(00000001653, 0000000098, 033, '2015-04-16 15:39:26'),
(00000001654, 0000000098, 033, '2015-04-16 15:39:26'),
(00000001655, 0000000098, 139, '2015-04-16 15:39:26'),
(00000001656, 0000000098, 139, '2015-04-16 15:39:26'),
(00000001657, 0000000098, 139, '2015-04-16 15:39:26'),
(00000001658, 0000000098, 139, '2015-04-16 15:39:26'),
(00000001659, 0000000098, 139, '2015-04-16 15:39:26'),
(00000001660, 0000000098, 088, '2015-04-16 15:39:26'),
(00000001661, 0000000098, 136, '2015-04-16 15:39:26'),
(00000001662, 0000000098, 136, '2015-04-16 15:39:26'),
(00000001663, 0000000098, 136, '2015-04-16 15:39:26'),
(00000001664, 0000000098, 028, '2015-04-16 15:39:26'),
(00000001665, 0000000098, 068, '2015-04-16 15:39:26'),
(00000001666, 0000000098, 068, '2015-04-16 15:39:26'),
(00000001667, 0000000098, 068, '2015-04-16 15:39:26'),
(00000001668, 0000000098, 020, '2015-04-16 15:39:26'),
(00000001669, 0000000098, 020, '2015-04-16 15:39:26'),
(00000001670, 0000000098, 020, '2015-04-16 15:39:26'),
(00000001671, 0000000098, 020, '2015-04-16 15:39:26'),
(00000001672, 0000000098, 020, '2015-04-16 15:39:26'),
(00000001673, 0000000098, 015, '2015-04-16 15:39:26'),
(00000001674, 0000000098, 061, '2015-04-16 15:39:26'),
(00000001675, 0000000098, 061, '2015-04-16 15:39:26'),
(00000001676, 0000000098, 061, '2015-04-16 15:39:26'),
(00000001677, 0000000098, 134, '2015-04-16 15:39:26'),
(00000001678, 0000000098, 075, '2015-04-16 15:39:26'),
(00000001679, 0000000098, 092, '2015-04-16 15:39:26'),
(00000001680, 0000000098, 092, '2015-04-16 15:39:26'),
(00000001681, 0000000098, 092, '2015-04-16 15:39:26'),
(00000001682, 0000000098, 092, '2015-04-16 15:39:26'),
(00000001683, 0000000098, 092, '2015-04-16 15:39:26'),
(00000001684, 0000000098, 121, '2015-04-16 15:39:26'),
(00000001685, 0000000098, 121, '2015-04-16 15:39:26'),
(00000001686, 0000000098, 121, '2015-04-16 15:39:26'),
(00000001687, 0000000098, 121, '2015-04-16 15:39:26'),
(00000001688, 0000000098, 121, '2015-04-16 15:39:26'),
(00000001689, 0000000098, 074, '2015-04-16 15:39:26'),
(00000001690, 0000000098, 074, '2015-04-16 15:39:26'),
(00000001691, 0000000098, 074, '2015-04-16 15:39:26'),
(00000001692, 0000000098, 025, '2015-04-16 15:39:26'),
(00000001693, 0000000099, 081, '2015-04-20 14:26:21'),
(00000001694, 0000000099, 081, '2015-04-20 14:26:21'),
(00000001695, 0000000099, 081, '2015-04-20 14:26:21'),
(00000001696, 0000000099, 081, '2015-04-20 14:26:21'),
(00000001697, 0000000099, 081, '2015-04-20 14:26:21'),
(00000001698, 0000000099, 031, '2015-04-20 14:26:21'),
(00000001699, 0000000099, 022, '2015-04-20 14:26:21'),
(00000001700, 0000000099, 022, '2015-04-20 14:26:21'),
(00000001701, 0000000099, 031, '2015-04-20 14:26:21'),
(00000001702, 0000000099, 031, '2015-04-20 14:26:21'),
(00000001703, 0000000099, 041, '2015-04-20 14:26:21'),
(00000001704, 0000000099, 041, '2015-04-20 14:26:21'),
(00000001705, 0000000099, 041, '2015-04-20 14:26:21'),
(00000001706, 0000000099, 046, '2015-04-20 14:26:21'),
(00000001707, 0000000099, 046, '2015-04-20 14:26:21'),
(00000001708, 0000000099, 046, '2015-04-20 14:26:21'),
(00000001709, 0000000099, 046, '2015-04-20 14:26:21'),
(00000001710, 0000000099, 046, '2015-04-20 14:26:21'),
(00000001711, 0000000099, 033, '2015-04-20 14:26:21'),
(00000001712, 0000000099, 033, '2015-04-20 14:26:21'),
(00000001713, 0000000099, 033, '2015-04-20 14:26:21'),
(00000001714, 0000000099, 033, '2015-04-20 14:26:21'),
(00000001715, 0000000099, 033, '2015-04-20 14:26:21'),
(00000001716, 0000000099, 139, '2015-04-20 14:26:21'),
(00000001717, 0000000099, 139, '2015-04-20 14:26:21'),
(00000001718, 0000000099, 139, '2015-04-20 14:26:21'),
(00000001719, 0000000099, 139, '2015-04-20 14:26:21'),
(00000001720, 0000000099, 139, '2015-04-20 14:26:21'),
(00000001721, 0000000099, 088, '2015-04-20 14:26:21'),
(00000001722, 0000000099, 136, '2015-04-20 14:26:21'),
(00000001723, 0000000099, 136, '2015-04-20 14:26:21'),
(00000001724, 0000000099, 136, '2015-04-20 14:26:21'),
(00000001725, 0000000099, 028, '2015-04-20 14:26:21'),
(00000001726, 0000000099, 068, '2015-04-20 14:26:21'),
(00000001727, 0000000099, 068, '2015-04-20 14:26:21'),
(00000001728, 0000000099, 068, '2015-04-20 14:26:21'),
(00000001729, 0000000099, 020, '2015-04-20 14:26:21'),
(00000001730, 0000000099, 020, '2015-04-20 14:26:21'),
(00000001731, 0000000099, 020, '2015-04-20 14:26:21'),
(00000001732, 0000000099, 020, '2015-04-20 14:26:21'),
(00000001733, 0000000099, 020, '2015-04-20 14:26:21'),
(00000001734, 0000000099, 015, '2015-04-20 14:26:21'),
(00000001735, 0000000099, 061, '2015-04-20 14:26:21'),
(00000001736, 0000000099, 061, '2015-04-20 14:26:21'),
(00000001737, 0000000099, 061, '2015-04-20 14:26:21'),
(00000001738, 0000000099, 134, '2015-04-20 14:26:21'),
(00000001739, 0000000099, 075, '2015-04-20 14:26:21'),
(00000001740, 0000000099, 092, '2015-04-20 14:26:21'),
(00000001741, 0000000099, 092, '2015-04-20 14:26:21'),
(00000001742, 0000000099, 092, '2015-04-20 14:26:21'),
(00000001743, 0000000099, 092, '2015-04-20 14:26:21'),
(00000001744, 0000000099, 092, '2015-04-20 14:26:21'),
(00000001745, 0000000099, 121, '2015-04-20 14:26:21'),
(00000001746, 0000000099, 121, '2015-04-20 14:26:21'),
(00000001747, 0000000099, 121, '2015-04-20 14:26:21'),
(00000001748, 0000000099, 121, '2015-04-20 14:26:21'),
(00000001749, 0000000099, 121, '2015-04-20 14:26:21'),
(00000001750, 0000000099, 074, '2015-04-20 14:26:21'),
(00000001751, 0000000099, 074, '2015-04-20 14:26:21'),
(00000001752, 0000000099, 074, '2015-04-20 14:26:21'),
(00000001753, 0000000099, 025, '2015-04-20 14:26:21'),
(00000001754, 0000000100, 081, '2015-04-24 21:18:34'),
(00000001755, 0000000100, 081, '2015-04-24 21:18:34'),
(00000001756, 0000000100, 081, '2015-04-24 21:18:34'),
(00000001757, 0000000100, 081, '2015-04-24 21:18:34'),
(00000001758, 0000000100, 081, '2015-04-24 21:18:34'),
(00000001759, 0000000100, 031, '2015-04-24 21:18:34'),
(00000001760, 0000000100, 022, '2015-04-24 21:18:34'),
(00000001761, 0000000100, 022, '2015-04-24 21:18:34'),
(00000001762, 0000000100, 031, '2015-04-24 21:18:34'),
(00000001763, 0000000100, 031, '2015-04-24 21:18:34'),
(00000001764, 0000000100, 041, '2015-04-24 21:18:34'),
(00000001765, 0000000100, 041, '2015-04-24 21:18:34'),
(00000001766, 0000000100, 041, '2015-04-24 21:18:34'),
(00000001767, 0000000100, 046, '2015-04-24 21:18:34'),
(00000001768, 0000000100, 046, '2015-04-24 21:18:34'),
(00000001769, 0000000100, 046, '2015-04-24 21:18:34'),
(00000001770, 0000000100, 046, '2015-04-24 21:18:34'),
(00000001771, 0000000100, 046, '2015-04-24 21:18:34'),
(00000001772, 0000000100, 033, '2015-04-24 21:18:34'),
(00000001773, 0000000100, 033, '2015-04-24 21:18:34'),
(00000001774, 0000000100, 033, '2015-04-24 21:18:34'),
(00000001775, 0000000100, 033, '2015-04-24 21:18:34'),
(00000001776, 0000000100, 033, '2015-04-24 21:18:34'),
(00000001777, 0000000100, 139, '2015-04-24 21:18:34'),
(00000001778, 0000000100, 139, '2015-04-24 21:18:34'),
(00000001779, 0000000100, 139, '2015-04-24 21:18:34'),
(00000001780, 0000000100, 139, '2015-04-24 21:18:34'),
(00000001781, 0000000100, 139, '2015-04-24 21:18:34'),
(00000001782, 0000000100, 088, '2015-04-24 21:18:34'),
(00000001783, 0000000100, 136, '2015-04-24 21:18:34'),
(00000001784, 0000000100, 136, '2015-04-24 21:18:34'),
(00000001785, 0000000100, 136, '2015-04-24 21:18:34'),
(00000001786, 0000000100, 028, '2015-04-24 21:18:34'),
(00000001787, 0000000100, 068, '2015-04-24 21:18:34'),
(00000001788, 0000000100, 068, '2015-04-24 21:18:34'),
(00000001789, 0000000100, 068, '2015-04-24 21:18:34'),
(00000001790, 0000000100, 020, '2015-04-24 21:18:34'),
(00000001791, 0000000100, 020, '2015-04-24 21:18:34'),
(00000001792, 0000000100, 020, '2015-04-24 21:18:34'),
(00000001793, 0000000100, 020, '2015-04-24 21:18:34'),
(00000001794, 0000000100, 020, '2015-04-24 21:18:34'),
(00000001795, 0000000100, 015, '2015-04-24 21:18:34'),
(00000001796, 0000000100, 061, '2015-04-24 21:18:34'),
(00000001797, 0000000100, 061, '2015-04-24 21:18:34'),
(00000001798, 0000000100, 061, '2015-04-24 21:18:34'),
(00000001799, 0000000100, 134, '2015-04-24 21:18:34'),
(00000001800, 0000000100, 075, '2015-04-24 21:18:34'),
(00000001801, 0000000100, 092, '2015-04-24 21:18:34'),
(00000001802, 0000000100, 092, '2015-04-24 21:18:34'),
(00000001803, 0000000100, 092, '2015-04-24 21:18:34'),
(00000001804, 0000000100, 092, '2015-04-24 21:18:34'),
(00000001805, 0000000100, 092, '2015-04-24 21:18:34'),
(00000001806, 0000000100, 121, '2015-04-24 21:18:34'),
(00000001807, 0000000100, 121, '2015-04-24 21:18:34'),
(00000001808, 0000000100, 121, '2015-04-24 21:18:34'),
(00000001809, 0000000100, 121, '2015-04-24 21:18:34'),
(00000001810, 0000000100, 121, '2015-04-24 21:18:34'),
(00000001811, 0000000100, 074, '2015-04-24 21:18:34'),
(00000001812, 0000000100, 074, '2015-04-24 21:18:34'),
(00000001813, 0000000100, 074, '2015-04-24 21:18:34'),
(00000001814, 0000000100, 025, '2015-04-24 21:18:34'),
(00000001815, 0000000101, 081, '2015-04-25 19:04:54'),
(00000001816, 0000000101, 081, '2015-04-25 19:04:54'),
(00000001817, 0000000101, 081, '2015-04-25 19:04:54'),
(00000001818, 0000000101, 081, '2015-04-25 19:04:54'),
(00000001819, 0000000101, 081, '2015-04-25 19:04:54'),
(00000001820, 0000000101, 031, '2015-04-25 19:04:54'),
(00000001821, 0000000101, 022, '2015-04-25 19:04:54'),
(00000001822, 0000000101, 022, '2015-04-25 19:04:54'),
(00000001823, 0000000101, 031, '2015-04-25 19:04:54'),
(00000001824, 0000000101, 031, '2015-04-25 19:04:54'),
(00000001825, 0000000101, 041, '2015-04-25 19:04:54'),
(00000001826, 0000000101, 041, '2015-04-25 19:04:54'),
(00000001827, 0000000101, 041, '2015-04-25 19:04:54'),
(00000001828, 0000000101, 046, '2015-04-25 19:04:54'),
(00000001829, 0000000101, 046, '2015-04-25 19:04:54'),
(00000001830, 0000000101, 046, '2015-04-25 19:04:54'),
(00000001831, 0000000101, 046, '2015-04-25 19:04:54'),
(00000001832, 0000000101, 046, '2015-04-25 19:04:54'),
(00000001833, 0000000101, 033, '2015-04-25 19:04:54'),
(00000001834, 0000000101, 033, '2015-04-25 19:04:54'),
(00000001835, 0000000101, 033, '2015-04-25 19:04:54'),
(00000001836, 0000000101, 033, '2015-04-25 19:04:54'),
(00000001837, 0000000101, 033, '2015-04-25 19:04:54'),
(00000001838, 0000000101, 139, '2015-04-25 19:04:54'),
(00000001839, 0000000101, 139, '2015-04-25 19:04:54'),
(00000001840, 0000000101, 139, '2015-04-25 19:04:54'),
(00000001841, 0000000101, 139, '2015-04-25 19:04:54'),
(00000001842, 0000000101, 139, '2015-04-25 19:04:54'),
(00000001843, 0000000101, 088, '2015-04-25 19:04:54'),
(00000001844, 0000000101, 136, '2015-04-25 19:04:54'),
(00000001845, 0000000101, 136, '2015-04-25 19:04:54'),
(00000001846, 0000000101, 136, '2015-04-25 19:04:54'),
(00000001847, 0000000101, 028, '2015-04-25 19:04:54'),
(00000001848, 0000000101, 068, '2015-04-25 19:04:54'),
(00000001849, 0000000101, 068, '2015-04-25 19:04:54'),
(00000001850, 0000000101, 068, '2015-04-25 19:04:54'),
(00000001851, 0000000101, 020, '2015-04-25 19:04:54'),
(00000001852, 0000000101, 020, '2015-04-25 19:04:54'),
(00000001853, 0000000101, 020, '2015-04-25 19:04:54'),
(00000001854, 0000000101, 020, '2015-04-25 19:04:54'),
(00000001855, 0000000101, 020, '2015-04-25 19:04:54'),
(00000001856, 0000000101, 015, '2015-04-25 19:04:54'),
(00000001857, 0000000101, 061, '2015-04-25 19:04:54'),
(00000001858, 0000000101, 061, '2015-04-25 19:04:54'),
(00000001859, 0000000101, 061, '2015-04-25 19:04:54'),
(00000001860, 0000000101, 134, '2015-04-25 19:04:54'),
(00000001861, 0000000101, 075, '2015-04-25 19:04:54'),
(00000001862, 0000000101, 092, '2015-04-25 19:04:54'),
(00000001863, 0000000101, 092, '2015-04-25 19:04:54'),
(00000001864, 0000000101, 092, '2015-04-25 19:04:54'),
(00000001865, 0000000101, 092, '2015-04-25 19:04:54'),
(00000001866, 0000000101, 092, '2015-04-25 19:04:54'),
(00000001867, 0000000101, 121, '2015-04-25 19:04:54'),
(00000001868, 0000000101, 121, '2015-04-25 19:04:54'),
(00000001869, 0000000101, 121, '2015-04-25 19:04:54'),
(00000001870, 0000000101, 121, '2015-04-25 19:04:54'),
(00000001871, 0000000101, 121, '2015-04-25 19:04:54'),
(00000001872, 0000000101, 074, '2015-04-25 19:04:54'),
(00000001873, 0000000101, 074, '2015-04-25 19:04:54'),
(00000001874, 0000000101, 074, '2015-04-25 19:04:54'),
(00000001875, 0000000101, 025, '2015-04-25 19:04:54'),
(00000001876, 0000000102, 081, '2015-04-28 17:50:11'),
(00000001877, 0000000102, 081, '2015-04-28 17:50:11'),
(00000001878, 0000000102, 081, '2015-04-28 17:50:11'),
(00000001879, 0000000102, 081, '2015-04-28 17:50:11'),
(00000001880, 0000000102, 081, '2015-04-28 17:50:11'),
(00000001881, 0000000102, 031, '2015-04-28 17:50:11'),
(00000001882, 0000000102, 022, '2015-04-28 17:50:11'),
(00000001883, 0000000102, 022, '2015-04-28 17:50:11'),
(00000001884, 0000000102, 031, '2015-04-28 17:50:11'),
(00000001885, 0000000102, 031, '2015-04-28 17:50:11'),
(00000001886, 0000000102, 041, '2015-04-28 17:50:11'),
(00000001887, 0000000102, 041, '2015-04-28 17:50:11'),
(00000001888, 0000000102, 041, '2015-04-28 17:50:11'),
(00000001889, 0000000102, 046, '2015-04-28 17:50:11'),
(00000001890, 0000000102, 046, '2015-04-28 17:50:11'),
(00000001891, 0000000102, 046, '2015-04-28 17:50:11'),
(00000001892, 0000000102, 046, '2015-04-28 17:50:11'),
(00000001893, 0000000102, 046, '2015-04-28 17:50:11'),
(00000001894, 0000000102, 033, '2015-04-28 17:50:11'),
(00000001895, 0000000102, 033, '2015-04-28 17:50:11'),
(00000001896, 0000000102, 033, '2015-04-28 17:50:11'),
(00000001897, 0000000102, 033, '2015-04-28 17:50:11'),
(00000001898, 0000000102, 033, '2015-04-28 17:50:11'),
(00000001899, 0000000102, 139, '2015-04-28 17:50:11'),
(00000001900, 0000000102, 139, '2015-04-28 17:50:11'),
(00000001901, 0000000102, 139, '2015-04-28 17:50:11'),
(00000001902, 0000000102, 139, '2015-04-28 17:50:11'),
(00000001903, 0000000102, 139, '2015-04-28 17:50:11'),
(00000001904, 0000000102, 088, '2015-04-28 17:50:11'),
(00000001905, 0000000102, 136, '2015-04-28 17:50:11'),
(00000001906, 0000000102, 136, '2015-04-28 17:50:11'),
(00000001907, 0000000102, 136, '2015-04-28 17:50:11'),
(00000001908, 0000000102, 028, '2015-04-28 17:50:11'),
(00000001909, 0000000102, 068, '2015-04-28 17:50:11'),
(00000001910, 0000000102, 068, '2015-04-28 17:50:11'),
(00000001911, 0000000102, 068, '2015-04-28 17:50:11'),
(00000001912, 0000000102, 020, '2015-04-28 17:50:11'),
(00000001913, 0000000102, 020, '2015-04-28 17:50:11'),
(00000001914, 0000000102, 020, '2015-04-28 17:50:11'),
(00000001915, 0000000102, 020, '2015-04-28 17:50:11'),
(00000001916, 0000000102, 020, '2015-04-28 17:50:11'),
(00000001917, 0000000102, 015, '2015-04-28 17:50:11'),
(00000001918, 0000000102, 061, '2015-04-28 17:50:11'),
(00000001919, 0000000102, 061, '2015-04-28 17:50:11'),
(00000001920, 0000000102, 061, '2015-04-28 17:50:11'),
(00000001921, 0000000102, 134, '2015-04-28 17:50:11'),
(00000001922, 0000000102, 075, '2015-04-28 17:50:11'),
(00000001923, 0000000102, 092, '2015-04-28 17:50:11'),
(00000001924, 0000000102, 092, '2015-04-28 17:50:11'),
(00000001925, 0000000102, 092, '2015-04-28 17:50:11'),
(00000001926, 0000000102, 092, '2015-04-28 17:50:11'),
(00000001927, 0000000102, 092, '2015-04-28 17:50:11'),
(00000001928, 0000000102, 121, '2015-04-28 17:50:11'),
(00000001929, 0000000102, 121, '2015-04-28 17:50:11'),
(00000001930, 0000000102, 121, '2015-04-28 17:50:11'),
(00000001931, 0000000102, 121, '2015-04-28 17:50:11'),
(00000001932, 0000000102, 121, '2015-04-28 17:50:11'),
(00000001933, 0000000102, 074, '2015-04-28 17:50:11'),
(00000001934, 0000000102, 074, '2015-04-28 17:50:11'),
(00000001935, 0000000102, 074, '2015-04-28 17:50:11'),
(00000001936, 0000000102, 025, '2015-04-28 17:50:11'),
(00000001937, 0000000103, 081, '2015-04-28 18:39:40'),
(00000001938, 0000000103, 081, '2015-04-28 18:39:40'),
(00000001939, 0000000103, 081, '2015-04-28 18:39:40'),
(00000001940, 0000000103, 081, '2015-04-28 18:39:40'),
(00000001941, 0000000103, 081, '2015-04-28 18:39:40'),
(00000001942, 0000000103, 031, '2015-04-28 18:39:40'),
(00000001943, 0000000103, 022, '2015-04-28 18:39:40'),
(00000001944, 0000000103, 022, '2015-04-28 18:39:40'),
(00000001945, 0000000103, 031, '2015-04-28 18:39:40'),
(00000001946, 0000000103, 031, '2015-04-28 18:39:40'),
(00000001947, 0000000103, 041, '2015-04-28 18:39:40'),
(00000001948, 0000000103, 041, '2015-04-28 18:39:40'),
(00000001949, 0000000103, 041, '2015-04-28 18:39:40'),
(00000001950, 0000000103, 046, '2015-04-28 18:39:40'),
(00000001951, 0000000103, 046, '2015-04-28 18:39:40'),
(00000001952, 0000000103, 046, '2015-04-28 18:39:40'),
(00000001953, 0000000103, 046, '2015-04-28 18:39:40'),
(00000001954, 0000000103, 046, '2015-04-28 18:39:40'),
(00000001955, 0000000103, 033, '2015-04-28 18:39:40'),
(00000001956, 0000000103, 033, '2015-04-28 18:39:40'),
(00000001957, 0000000103, 033, '2015-04-28 18:39:40'),
(00000001958, 0000000103, 033, '2015-04-28 18:39:40'),
(00000001959, 0000000103, 033, '2015-04-28 18:39:40'),
(00000001960, 0000000103, 139, '2015-04-28 18:39:40'),
(00000001961, 0000000103, 139, '2015-04-28 18:39:40'),
(00000001962, 0000000103, 139, '2015-04-28 18:39:40'),
(00000001963, 0000000103, 139, '2015-04-28 18:39:40'),
(00000001964, 0000000103, 139, '2015-04-28 18:39:40'),
(00000001965, 0000000103, 088, '2015-04-28 18:39:40'),
(00000001966, 0000000103, 136, '2015-04-28 18:39:40'),
(00000001967, 0000000103, 136, '2015-04-28 18:39:40'),
(00000001968, 0000000103, 136, '2015-04-28 18:39:40'),
(00000001969, 0000000103, 028, '2015-04-28 18:39:40'),
(00000001970, 0000000103, 068, '2015-04-28 18:39:40'),
(00000001971, 0000000103, 068, '2015-04-28 18:39:40'),
(00000001972, 0000000103, 068, '2015-04-28 18:39:40'),
(00000001973, 0000000103, 020, '2015-04-28 18:39:40'),
(00000001974, 0000000103, 020, '2015-04-28 18:39:40'),
(00000001975, 0000000103, 020, '2015-04-28 18:39:40'),
(00000001976, 0000000103, 020, '2015-04-28 18:39:40'),
(00000001977, 0000000103, 020, '2015-04-28 18:39:40'),
(00000001978, 0000000103, 015, '2015-04-28 18:39:40'),
(00000001979, 0000000103, 061, '2015-04-28 18:39:40'),
(00000001980, 0000000103, 061, '2015-04-28 18:39:40'),
(00000001981, 0000000103, 061, '2015-04-28 18:39:40'),
(00000001982, 0000000103, 134, '2015-04-28 18:39:40'),
(00000001983, 0000000103, 075, '2015-04-28 18:39:40'),
(00000001984, 0000000103, 092, '2015-04-28 18:39:40'),
(00000001985, 0000000103, 092, '2015-04-28 18:39:40'),
(00000001986, 0000000103, 092, '2015-04-28 18:39:40'),
(00000001987, 0000000103, 092, '2015-04-28 18:39:40'),
(00000001988, 0000000103, 092, '2015-04-28 18:39:40'),
(00000001989, 0000000103, 121, '2015-04-28 18:39:40'),
(00000001990, 0000000103, 121, '2015-04-28 18:39:40'),
(00000001991, 0000000103, 121, '2015-04-28 18:39:40'),
(00000001992, 0000000103, 121, '2015-04-28 18:39:40'),
(00000001993, 0000000103, 121, '2015-04-28 18:39:40'),
(00000001994, 0000000103, 074, '2015-04-28 18:39:40'),
(00000001995, 0000000103, 074, '2015-04-28 18:39:40'),
(00000001996, 0000000103, 074, '2015-04-28 18:39:40'),
(00000001997, 0000000103, 025, '2015-04-28 18:39:40'),
(00000001998, 0000000106, 081, '2015-05-02 20:06:37'),
(00000001999, 0000000106, 081, '2015-05-02 20:06:37'),
(00000002000, 0000000106, 081, '2015-05-02 20:06:37'),
(00000002001, 0000000106, 081, '2015-05-02 20:06:37'),
(00000002002, 0000000106, 081, '2015-05-02 20:06:37'),
(00000002003, 0000000106, 031, '2015-05-02 20:06:37'),
(00000002004, 0000000106, 022, '2015-05-02 20:06:37'),
(00000002005, 0000000106, 022, '2015-05-02 20:06:37'),
(00000002006, 0000000106, 031, '2015-05-02 20:06:37'),
(00000002007, 0000000106, 031, '2015-05-02 20:06:37'),
(00000002008, 0000000106, 041, '2015-05-02 20:06:37'),
(00000002009, 0000000106, 041, '2015-05-02 20:06:37'),
(00000002010, 0000000106, 041, '2015-05-02 20:06:37'),
(00000002011, 0000000106, 046, '2015-05-02 20:06:37'),
(00000002012, 0000000106, 046, '2015-05-02 20:06:37'),
(00000002013, 0000000106, 046, '2015-05-02 20:06:37'),
(00000002014, 0000000106, 046, '2015-05-02 20:06:37'),
(00000002015, 0000000106, 046, '2015-05-02 20:06:37'),
(00000002016, 0000000106, 033, '2015-05-02 20:06:37'),
(00000002017, 0000000106, 033, '2015-05-02 20:06:37'),
(00000002018, 0000000106, 033, '2015-05-02 20:06:37'),
(00000002019, 0000000106, 033, '2015-05-02 20:06:37'),
(00000002020, 0000000106, 033, '2015-05-02 20:06:37'),
(00000002021, 0000000106, 139, '2015-05-02 20:06:37'),
(00000002022, 0000000106, 139, '2015-05-02 20:06:37'),
(00000002023, 0000000106, 139, '2015-05-02 20:06:37'),
(00000002024, 0000000106, 139, '2015-05-02 20:06:37'),
(00000002025, 0000000106, 139, '2015-05-02 20:06:37'),
(00000002026, 0000000106, 088, '2015-05-02 20:06:37'),
(00000002027, 0000000106, 136, '2015-05-02 20:06:37'),
(00000002028, 0000000106, 136, '2015-05-02 20:06:37'),
(00000002029, 0000000106, 136, '2015-05-02 20:06:37'),
(00000002030, 0000000106, 028, '2015-05-02 20:06:37'),
(00000002031, 0000000106, 068, '2015-05-02 20:06:37'),
(00000002032, 0000000106, 068, '2015-05-02 20:06:37'),
(00000002033, 0000000106, 068, '2015-05-02 20:06:37'),
(00000002034, 0000000106, 020, '2015-05-02 20:06:37'),
(00000002035, 0000000106, 020, '2015-05-02 20:06:37'),
(00000002036, 0000000106, 020, '2015-05-02 20:06:37'),
(00000002037, 0000000106, 020, '2015-05-02 20:06:37'),
(00000002038, 0000000106, 020, '2015-05-02 20:06:37'),
(00000002039, 0000000106, 015, '2015-05-02 20:06:37'),
(00000002040, 0000000106, 061, '2015-05-02 20:06:37'),
(00000002041, 0000000106, 061, '2015-05-02 20:06:37'),
(00000002042, 0000000106, 061, '2015-05-02 20:06:37'),
(00000002043, 0000000106, 134, '2015-05-02 20:06:37'),
(00000002044, 0000000106, 075, '2015-05-02 20:06:37'),
(00000002045, 0000000106, 092, '2015-05-02 20:06:37'),
(00000002046, 0000000106, 092, '2015-05-02 20:06:37'),
(00000002047, 0000000106, 092, '2015-05-02 20:06:37'),
(00000002048, 0000000106, 092, '2015-05-02 20:06:37'),
(00000002049, 0000000106, 092, '2015-05-02 20:06:37'),
(00000002050, 0000000106, 121, '2015-05-02 20:06:37'),
(00000002051, 0000000106, 121, '2015-05-02 20:06:37'),
(00000002052, 0000000106, 121, '2015-05-02 20:06:37'),
(00000002053, 0000000106, 121, '2015-05-02 20:06:37'),
(00000002054, 0000000106, 121, '2015-05-02 20:06:37'),
(00000002055, 0000000106, 074, '2015-05-02 20:06:37'),
(00000002056, 0000000106, 074, '2015-05-02 20:06:37'),
(00000002057, 0000000106, 074, '2015-05-02 20:06:37'),
(00000002058, 0000000106, 025, '2015-05-02 20:06:37');

-- --------------------------------------------------------

--
-- Table structure for table `user`
--

CREATE TABLE IF NOT EXISTS `user` (
`USER_ID` int(10) unsigned zerofill NOT NULL,
  `USER_USERNAME` varchar(32) NOT NULL,
  `USER_DISPNAME` varchar(30) CHARACTER SET utf8 NOT NULL,
  `USER_PW` varchar(32) NOT NULL,
  `USER_FNAME` varchar(30) NOT NULL,
  `USER_LNAME` varchar(30) NOT NULL,
  `USER_EMAIL` varchar(60) NOT NULL,
  `USER_WINS` int(10) NOT NULL,
  `USER_LOSSES` int(10) NOT NULL,
  `USER_MONEY` int(10) NOT NULL,
  `STATUS` varchar(255) CHARACTER SET utf8 NOT NULL
) ENGINE=InnoDB AUTO_INCREMENT=107 DEFAULT CHARSET=latin1;

--
-- Dumping data for table `user`
--

INSERT INTO `user` (`USER_ID`, `USER_USERNAME`, `USER_DISPNAME`, `USER_PW`, `USER_FNAME`, `USER_LNAME`, `USER_EMAIL`, `USER_WINS`, `USER_LOSSES`, `USER_MONEY`, `STATUS`) VALUES
(0000000001, 'usertest', 'usertest', 'd8118f1bb6bd9998031053176a2c4bee', '', '', 'user@test.com', 0, 0, 0, 'OFFLINE'),
(0000000006, 'usertest2', 'usertest2', '3fd4f8a9fbf4a9e330ea4280ee6b21f9', '', '', 'user2@test.com', 0, 0, 0, 'OFFLINE'),
(0000000007, 'usertest3', 'usertest3', '1c906f67f3fa504af7c62e7da6595eef', '', '', 'user3@test.com', 0, 0, 0, 'OFFLINE'),
(0000000008, 'PRIMALmarauder', 'Player 2', '6e3afa8ef798a8f6e57340aa3043534c', 'Cody', 'Duff', 'cduff4@gmail.com', 0, 0, 100, 'ONLINE'),
(0000000010, 'RunsWithBoars', 'RunsWithBoars', '5d57c0025f36c2a76c08d01e2016b597', 'Dustin', 'Crawford', 'dustindjc92@gmail.com', 0, 0, 100, 'ONLINE'),
(0000000011, 'Kuhn', 'Player 1', '5f4dcc3b5aa765d61d8327deb882cf99', 'Derrick', 'Kuhn', 'dkuhn999@gmail.com', 0, 0, 100, 'ONLINE'),
(0000000012, 'Specs', 'Specs', 'aa0d0d747d577421a9a9d133efb5657b', 'Chris', 'Weaver', '', 0, 0, 0, 'OFFLINE'),
(0000000013, 'EvilCrawfish', 'EvilCrawfish', 'e30dce6f35839c9a40f946fbf4c424f7', '', '', 'dustindjc92@gmail.com', 0, 0, 0, 'OFFLINE'),
(0000000014, 'testaccount', 'testaccount', '5f4dcc3b5aa765d61d8327deb882cf99', '', '', 'testaccount@email.com', 0, 0, 0, 'OFFLINE'),
(0000000038, 'Dr.SanityClaus', 'Dr.SanityClaus', '785a2c2f413f0f61026a9d67761d63fd', '', '', 'loganhensley92@yahoo.com', 0, 0, 0, 'OFFLINE'),
(0000000039, 'Ddogster', 'Ddogster', '094d488b1beb28a7e9a4467b29ad4390', '', '', 'ddogster@email.com', 0, 0, 0, 'OFFLINE'),
(0000000040, 'Signa', 'Signa', 'e80eded141e1295d694cd35cf2b8f675', '', '', 'kimwasinger@gmail.com', 0, 0, 0, 'ONLINE'),
(0000000041, 'iViking', 'iViking', 'aa4bb2c87151b21ad90b460e653cea54', '', '', 'jeckrt@gmail.com', 0, 0, 0, 'ONLINE'),
(0000000043, 'ForTheWin', 'CharlieSheen', '96a85e966dd1a807cab1c6a270b2ad3d', 'Charlie', 'Sheen', 'forthewin@email.com', 0, 0, 0, 'ONLINE'),
(0000000044, 'KuhnTest', 'HerkaDerka', '5f4dcc3b5aa765d61d8327deb882cf99', 'Herka', 'Derka', 'test@mail.femail', 0, 0, 0, 'OFFLINE'),
(0000000049, 'awesomeusername', 'awesomeusername', '5f4dcc3b5aa765d61d8327deb882cf99', '', '', 'awesome@email.com', 0, 0, 100, 'OFFLINE'),
(0000000093, 'qwerty', 'qwerty', '6a204bd89f3c8348afd5c77c717a097a', '', '', 'asdf@.com', 0, 0, 100, 'ONLINE'),
(0000000094, 'asdfg', 'asdfg', '6a204bd89f3c8348afd5c77c717a097a', '', '', '@.com', 0, 0, 100, 'ONLINE'),
(0000000097, 'newaccount', 'newaccount', '4288a009bb6e9c4560c9e1a467ffb656', '', '', 'newaccount@email.com', 0, 0, 100, 'ONLINE'),
(0000000098, 'Loser', 'Loser', '5f4dcc3b5aa765d61d8327deb882cf99', 'John', 'Jacob Jinkle', 'loser@loser.com', 0, 0, 100, 'OFFLINE'),
(0000000099, 'RektRiley', 'RektRiley', 'a212fb8a33e644c4c84be771a27f4abb', '', '', 'email@email.com', 0, 0, 100, 'ONLINE'),
(0000000100, 'phone ', 'phone ', '1a9d5953d506d9fc384fe68c0e61e25f', '', '', 'test@b.com', 0, 0, 100, 'ONLINE'),
(0000000101, 'JLD35', 'JLD35', '03a7abd469226cb2f0bd0ff3ad6446ba', '', '', 'pentecostal31@yahoo.com', 0, 0, 100, 'ONLINE'),
(0000000102, 'Test', 'Player 1', '5f4dcc3b5aa765d61d8327deb882cf99', 'Jennifer', 'Joke', 'test@test.com', 0, 0, 100, 'ONLINE'),
(0000000103, 'John', 'Johnny', '5f4dcc3b5aa765d61d8327deb882cf99', 'John', 'J', 'John@jon.com', 0, 0, 100, 'ONLINE'),
(0000000106, 'Sirspecs', 'Sirspecs', 'faeb5c23e46bbb2bd219699802e2d0a2', 'Chris', 'Weaver', 'tromboneguy86@yahoo.com', 0, 0, 100, 'ONLINE');

--
-- Indexes for dumped tables
--

--
-- Indexes for table `assignment`
--
ALTER TABLE `assignment`
 ADD PRIMARY KEY (`ASSIGN_ID`,`DECK_ID`,`CARD_ID`), ADD KEY `DECK_ID` (`DECK_ID`), ADD KEY `CARD_ID` (`CARD_ID`);

--
-- Indexes for table `card`
--
ALTER TABLE `card`
 ADD PRIMARY KEY (`CARD_ID`);

--
-- Indexes for table `deck`
--
ALTER TABLE `deck`
 ADD PRIMARY KEY (`DECK_ID`), ADD KEY `USER_ID` (`USER_ID`);

--
-- Indexes for table `match`
--
ALTER TABLE `match`
 ADD PRIMARY KEY (`MATCH_ID`), ADD KEY `MATCH_USER_ONE` (`MATCH_WID`,`MATCH_LID`), ADD KEY `MATCH_USER_TWO` (`MATCH_LID`), ADD KEY `MATCH_USER_ONE_2` (`MATCH_WID`), ADD KEY `MATCH_USER_TWO_2` (`MATCH_LID`);

--
-- Indexes for table `ownership`
--
ALTER TABLE `ownership`
 ADD PRIMARY KEY (`OWN_ID`,`USER_ID`,`CARD_ID`), ADD KEY `USER_ID` (`USER_ID`), ADD KEY `CARD_ID` (`CARD_ID`);

--
-- Indexes for table `user`
--
ALTER TABLE `user`
 ADD PRIMARY KEY (`USER_ID`), ADD UNIQUE KEY `USER_USERNAME` (`USER_USERNAME`);

--
-- AUTO_INCREMENT for dumped tables
--

--
-- AUTO_INCREMENT for table `assignment`
--
ALTER TABLE `assignment`
MODIFY `ASSIGN_ID` int(16) unsigned zerofill NOT NULL AUTO_INCREMENT,AUTO_INCREMENT=5694;
--
-- AUTO_INCREMENT for table `card`
--
ALTER TABLE `card`
MODIFY `CARD_ID` int(3) unsigned zerofill NOT NULL AUTO_INCREMENT,AUTO_INCREMENT=152;
--
-- AUTO_INCREMENT for table `deck`
--
ALTER TABLE `deck`
MODIFY `DECK_ID` int(10) unsigned zerofill NOT NULL AUTO_INCREMENT,AUTO_INCREMENT=164;
--
-- AUTO_INCREMENT for table `match`
--
ALTER TABLE `match`
MODIFY `MATCH_ID` int(16) unsigned zerofill NOT NULL AUTO_INCREMENT;
--
-- AUTO_INCREMENT for table `ownership`
--
ALTER TABLE `ownership`
MODIFY `OWN_ID` int(11) unsigned zerofill NOT NULL AUTO_INCREMENT,AUTO_INCREMENT=2059;
--
-- AUTO_INCREMENT for table `user`
--
ALTER TABLE `user`
MODIFY `USER_ID` int(10) unsigned zerofill NOT NULL AUTO_INCREMENT,AUTO_INCREMENT=107;
--
-- Constraints for dumped tables
--

--
-- Constraints for table `assignment`
--
ALTER TABLE `assignment`
ADD CONSTRAINT `assignment_ibfk_2` FOREIGN KEY (`DECK_ID`) REFERENCES `deck` (`DECK_ID`) ON DELETE CASCADE ON UPDATE CASCADE,
ADD CONSTRAINT `assignment_ibfk_3` FOREIGN KEY (`CARD_ID`) REFERENCES `card` (`CARD_ID`) ON DELETE CASCADE ON UPDATE CASCADE;

--
-- Constraints for table `deck`
--
ALTER TABLE `deck`
ADD CONSTRAINT `deck_ibfk_1` FOREIGN KEY (`USER_ID`) REFERENCES `user` (`USER_ID`) ON DELETE CASCADE ON UPDATE CASCADE;

--
-- Constraints for table `match`
--
ALTER TABLE `match`
ADD CONSTRAINT `match_ibfk_1` FOREIGN KEY (`MATCH_WID`) REFERENCES `user` (`USER_ID`) ON DELETE CASCADE ON UPDATE CASCADE,
ADD CONSTRAINT `match_ibfk_2` FOREIGN KEY (`MATCH_LID`) REFERENCES `user` (`USER_ID`) ON DELETE CASCADE ON UPDATE CASCADE;

--
-- Constraints for table `ownership`
--
ALTER TABLE `ownership`
ADD CONSTRAINT `ownership_ibfk_1` FOREIGN KEY (`USER_ID`) REFERENCES `user` (`USER_ID`) ON DELETE CASCADE ON UPDATE CASCADE,
ADD CONSTRAINT `ownership_ibfk_2` FOREIGN KEY (`CARD_ID`) REFERENCES `card` (`CARD_ID`) ON DELETE CASCADE ON UPDATE CASCADE;

/*!40101 SET CHARACTER_SET_CLIENT=@OLD_CHARACTER_SET_CLIENT */;
/*!40101 SET CHARACTER_SET_RESULTS=@OLD_CHARACTER_SET_RESULTS */;
/*!40101 SET COLLATION_CONNECTION=@OLD_COLLATION_CONNECTION */;
